Date,Open,High,Low,Pull Call
4/1/2011,,,,0.51
4/4/2011,,,,0.59
4/5/2011,,,,0.56
4/6/2011,,,,0.55
4/7/2011,,,,0.53
4/8/2011,,,,0.58
4/11/2011,,,,0.62
4/12/2011,,,,0.58
4/13/2011,,,,0.65
4/14/2011,,,,0.69
4/15/2011,,,,0.63
4/18/2011,,,,0.6
4/19/2011,,,,0.64
4/20/2011,,,,0.51
4/21/2011,,,,0.62
4/25/2011,,,,0.57
4/26/2011,,,,0.57
4/27/2011,,,,0.59
4/28/2011,,,,0.54
4/29/2011,,,,0.59
5/2/2011,,,,0.5
5/3/2011,,,,0.61
5/4/2011,,,,0.72
5/5/2011,,,,0.65
5/6/2011,,,,0.62
5/9/2011,,,,0.63
5/10/2011,,,,0.58
5/11/2011,,,,0.67
5/12/2011,,,,0.67
5/13/2011,,,,0.73
5/16/2011,,,,0.61
5/17/2011,,,,0.75
5/18/2011,,,,0.68
5/19/2011,,,,0.7
5/20/2011,,,,0.75
5/23/2011,,,,0.69
5/24/2011,,,,0.61
5/25/2011,,,,0.51
5/26/2011,,,,0.6
5/27/2011,,,,0.51
5/31/2011,,,,0.54
6/1/2011,,,,0.76
6/2/2011,,,,0.71
6/3/2011,,,,0.71
6/6/2011,,,,0.8
6/7/2011,,,,0.74
6/8/2011,,,,0.95
6/9/2011,,,,0.77
6/10/2011,,,,1.01
6/13/2011,,,,0.73
6/14/2011,,,,0.65
6/15/2011,,,,1.09
6/16/2011,,,,1.03
6/17/2011,,,,1.09
6/20/2011,,,,0.57
6/21/2011,,,,0.59
6/22/2011,,,,0.53
6/23/2011,,,,0.65
6/24/2011,,,,0.7
6/27/2011,,,,0.62
6/28/2011,,,,0.59
6/29/2011,,,,0.56
6/30/2011,,,,0.54
7/1/2011,,,,0.55
7/5/2011,,,,0.64
7/6/2011,,,,0.71
7/7/2011,,,,0.56
7/8/2011,,,,0.58
7/11/2011,,,,0.74
7/12/2011,,,,0.67
7/13/2011,,,,0.67
7/14/2011,,,,0.78
7/15/2011,,,,0.64
7/18/2011,,,,0.68
7/19/2011,,,,0.51
7/20/2011,,,,0.61
7/21/2011,,,,0.56
7/22/2011,,,,0.6
7/25/2011,,,,0.6
7/26/2011,,,,0.58
7/27/2011,,,,0.66
7/28/2011,,,,0.68
7/29/2011,,,,0.77
8/1/2011,,,,0.76
8/2/2011,,,,0.68
8/3/2011,,,,0.77
8/4/2011,,,,0.96
8/5/2011,,,,0.94
8/8/2011,,,,1.07
8/9/2011,,,,0.85
8/10/2011,,,,0.81
8/11/2011,,,,0.62
8/12/2011,,,,0.75
8/15/2011,,,,0.68
8/16/2011,,,,0.74
8/17/2011,,,,0.8
8/18/2011,,,,0.96
8/19/2011,,,,1.03
8/22/2011,,,,0.73
8/23/2011,,,,0.67
8/24/2011,,,,0.66
8/25/2011,,,,0.77
8/26/2011,,,,0.73
8/29/2011,,,,0.54
8/30/2011,,,,0.72
8/31/2011,,,,0.65
9/1/2011,,,,0.69
9/2/2011,,,,0.84
9/6/2011,,,,0.75
9/7/2011,,,,0.62
9/8/2011,,,,0.71
9/9/2011,,,,0.86
9/12/2011,,,,0.72
9/13/2011,,,,0.71
9/14/2011,,,,0.64
9/15/2011,,,,0.68
9/16/2011,,,,0.67
9/19/2011,,,,0.62
9/20/2011,,,,0.63
9/21/2011,,,,0.79
9/22/2011,,,,0.85
9/23/2011,,,,0.65
9/26/2011,,,,0.59
9/27/2011,,,,0.61
9/28/2011,,,,0.82
9/29/2011,,,,0.8
9/30/2011,,,,0.81
10/3/2011,,,,0.85
10/4/2011,,,,0.77
10/5/2011,,,,0.69
10/6/2011,,,,0.67
10/7/2011,,,,0.71
10/10/2011,,,,0.63
10/11/2011,,,,0.77
10/12/2011,,,,0.64
10/13/2011,,,,0.71
10/14/2011,,,,0.6
10/17/2011,,,,0.71
10/18/2011,,,,0.62
10/19/2011,,,,0.71
10/20/2011,,,,0.74
10/21/2011,,,,0.5
10/24/2011,,,,0.52
10/25/2011,,,,0.79
10/26/2011,,,,0.7
10/27/2011,,,,0.5
10/28/2011,,,,0.55
10/31/2011,,,,0.77
11/1/2011,,,,0.89
11/2/2011,,,,0.68
11/3/2011,,,,0.63
11/4/2011,,,,0.79
11/7/2011,,,,0.65
11/8/2011,,,,0.65
11/9/2011,,,,0.91
11/10/2011,,,,0.75
11/11/2011,,,,0.64
11/14/2011,,,,0.77
11/15/2011,,,,0.71
11/16/2011,,,,0.74
11/17/2011,,,,0.82
11/18/2011,,,,0.9
11/21/2011,,,,0.66
11/22/2011,,,,0.67
11/23/2011,,,,0.71
11/25/2011,,,,0.75
11/28/2011,,,,0.65
11/29/2011,,,,0.61
11/30/2011,,,,0.55
12/1/2011,,,,0.63
12/2/2011,,,,0.58
12/5/2011,,,,0.67
12/6/2011,,,,0.73
12/7/2011,,,,0.73
12/8/2011,,,,0.76
12/9/2011,,,,0.7
12/12/2011,,,,0.6
12/13/2011,,,,0.78
12/14/2011,,,,0.82
12/15/2011,,,,0.9
12/16/2011,,,,0.89
12/19/2011,,,,0.61
12/20/2011,,,,0.53
12/21/2011,,,,0.72
12/22/2011,,,,0.68
12/23/2011,,,,0.63
12/27/2011,,,,0.71
12/28/2011,,,,0.68
12/29/2011,,,,0.69
12/30/2011,,,,0.54
1/3/2012,,,,0.55
1/4/2012,,,,0.74
1/5/2012,,,,0.61
1/6/2012,,,,0.62
1/9/2012,,,,0.66
1/10/2012,,,,0.57
1/11/2012,,,,0.54
1/12/2012,,,,0.57
1/13/2012,,,,0.6
1/17/2012,,,,0.59
1/18/2012,,,,0.55
1/19/2012,,,,0.48
1/20/2012,,,,0.52
1/23/2012,,,,0.64
1/24/2012,,,,0.62
1/25/2012,,,,0.57
1/26/2012,,,,0.65
1/27/2012,,,,0.6
1/30/2012,,,,0.67
1/31/2012,,,,0.61
2/1/2012,,,,0.61
2/2/2012,,,,0.62
2/3/2012,,,,0.51
2/6/2012,,,,0.55
2/7/2012,,,,0.58
2/8/2012,,,,0.54
2/9/2012,,,,0.55
2/10/2012,,,,0.75
2/13/2012,,,,0.53
2/14/2012,,,,0.6
2/15/2012,,,,0.63
2/16/2012,,,,0.62
2/17/2012,,,,0.51
2/21/2012,,,,0.61
2/22/2012,,,,0.63
2/23/2012,,,,0.67
2/24/2012,,,,0.69
2/27/2012,,,,0.64
2/28/2012,,,,0.57
2/29/2012,,,,0.67
3/1/2012,,,,0.64
3/2/2012,,,,0.6
3/5/2012,,,,0.73
3/6/2012,,,,0.78
3/7/2012,,,,0.62
3/8/2012,,,,0.61
3/9/2012,,,,0.63
3/12/2012,,,,0.7
3/13/2012,,,,0.59
3/14/2012,,,,0.54
3/15/2012,,,,0.52
3/16/2012,,,,0.46
3/19/2012,,,,0.5
3/20/2012,,,,0.52
3/21/2012,,,,0.55
3/22/2012,,,,0.68
3/23/2012,,,,0.61
3/26/2012,,,,0.72
3/27/2012,,,,0.55
3/28/2012,,,,0.71
3/29/2012,,,,0.67
3/30/2012,,,,0.59
4/2/2012,,,,0.52
4/3/2012,,,,0.57
4/4/2012,,,,0.66
4/5/2012,,,,0.6
4/9/2012,,,,0.69
4/10/2012,,,,0.67
4/11/2012,,,,0.65
4/12/2012,,,,0.51
4/13/2012,,,,0.72
4/16/2012,,,,0.7
4/17/2012,,,,0.57
4/18/2012,,,,0.59
4/19/2012,,,,0.65
4/20/2012,,,,0.63
4/23/2012,,,,0.59
4/24/2012,,,,0.66
4/25/2012,,,,0.48
4/26/2012,,,,0.62
4/27/2012,,,,0.6
4/30/2012,,,,0.64
5/1/2012,,,,0.53
5/2/2012,,,,0.74
5/3/2012,,,,0.75
5/4/2012,,,,0.71
5/7/2012,,,,0.65
5/8/2012,,,,0.74
5/9/2012,,,,0.67
5/10/2012,,,,0.68
5/11/2012,,,,0.74
5/14/2012,,,,0.84
5/15/2012,,,,0.81
5/16/2012,,,,0.88
5/17/2012,,,,0.88
5/18/2012,,,,0.99
5/21/2012,,,,0.54
5/22/2012,,,,0.63
5/23/2012,,,,0.73
5/24/2012,,,,0.74
5/25/2012,,,,0.66
5/29/2012,,,,0.66
5/30/2012,,,,0.77
5/31/2012,,,,0.79
6/1/2012,,,,0.79
6/4/2012,,,,0.78
6/5/2012,,,,0.69
6/6/2012,,,,0.66
6/7/2012,,,,0.64
6/8/2012,,,,0.78
6/11/2012,,,,0.81
6/12/2012,,,,0.72
6/13/2012,,,,0.92
6/14/2012,,,,0.83
6/15/2012,,,,0.69
6/18/2012,,,,0.57
6/19/2012,,,,0.59
6/20/2012,,,,0.65
6/21/2012,,,,0.8
6/22/2012,,,,0.61
6/25/2012,,,,0.78
6/26/2012,,,,0.73
6/27/2012,,,,0.65
6/28/2012,,,,0.75
6/29/2012,,,,0.69
7/2/2012,,,,0.72
7/3/2012,,,,0.65
7/5/2012,,,,0.64
7/6/2012,,,,0.75
7/9/2012,,,,0.78
7/10/2012,,,,0.72
7/11/2012,,,,0.81
7/12/2012,,,,0.7
7/13/2012,,,,0.64
7/16/2012,,,,0.67
7/17/2012,,,,0.67
7/18/2012,,,,0.66
7/19/2012,,,,0.68
7/20/2012,,,,0.75
7/23/2012,,,,0.7
7/24/2012,,,,0.66
7/25/2012,,,,0.71
7/26/2012,,,,0.71
7/27/2012,,,,0.64
7/30/2012,,,,0.66
7/31/2012,,,,0.68
8/1/2012,,,,0.72
8/2/2012,,,,0.78
8/3/2012,,,,0.6
8/6/2012,,,,0.63
8/7/2012,,,,0.55
8/8/2012,,,,0.58
8/9/2012,,,,0.62
8/10/2012,,,,0.7
8/13/2012,,,,0.56
8/14/2012,,,,0.66
8/15/2012,,,,0.62
8/16/2012,,,,0.69
8/17/2012,,,,0.54
8/20/2012,,,,0.62
8/21/2012,,,,0.67
8/22/2012,,,,0.65
8/23/2012,,,,0.74
8/24/2012,,,,0.68
8/27/2012,,,,0.69
8/28/2012,,,,0.61
8/29/2012,,,,0.79
8/30/2012,,,,0.84
8/31/2012,,,,0.67
9/4/2012,,,,0.75
9/5/2012,,,,0.67
9/6/2012,,,,0.59
9/7/2012,,,,0.54
9/10/2012,,,,0.66
9/11/2012,,,,0.54
9/12/2012,,,,0.57
9/13/2012,,,,0.54
9/14/2012,,,,0.53
9/17/2012,,,,0.64
9/18/2012,,,,0.62
9/19/2012,,,,0.56
9/20/2012,,,,0.75
9/21/2012,,,,0.62
9/24/2012,,,,0.61
9/25/2012,,,,0.73
9/26/2012,,,,0.75
9/27/2012,,,,0.6
9/28/2012,,,,0.76
10/1/2012,,,,0.63
10/2/2012,,,,0.55
10/3/2012,,,,0.71
10/4/2012,,,,0.58
10/5/2012,,,,0.67
10/8/2012,,,,0.55
10/9/2012,,,,0.73
10/10/2012,,,,0.71
10/11/2012,,,,0.65
10/12/2012,,,,0.74
10/15/2012,,,,0.73
10/16/2012,,,,0.61
10/17/2012,,,,0.59
10/18/2012,,,,0.65
10/19/2012,,,,0.8
10/22/2012,,,,0.67
10/23/2012,,,,0.86
10/24/2012,,,,0.71
10/25/2012,,,,0.76
10/26/2012,,,,0.77
10/31/2012,,,,0.68
11/1/2012,,,,0.6
11/2/2012,,,,0.77
11/5/2012,,,,0.61
11/6/2012,,,,0.63
11/7/2012,,,,0.76
11/8/2012,,,,0.8
11/9/2012,,,,0.82
11/12/2012,,,,0.65
11/13/2012,,,,0.72
11/14/2012,,,,0.78
11/15/2012,,,,0.83
11/16/2012,,,,0.81
11/19/2012,,,,0.56
11/20/2012,,,,0.67
11/21/2012,,,,0.61
11/23/2012,,,,0.59
11/26/2012,,,,0.64
11/27/2012,,,,0.58
11/28/2012,,,,0.6
11/29/2012,,,,0.62
11/30/2012,,,,0.73
12/3/2012,,,,0.57
12/4/2012,,,,0.81
12/5/2012,,,,0.6
12/6/2012,,,,0.67
12/7/2012,,,,0.64
12/10/2012,,,,0.62
12/11/2012,,,,0.59
12/12/2012,,,,0.61
12/13/2012,,,,0.61
12/14/2012,,,,0.7
12/17/2012,,,,0.6
12/18/2012,,,,0.51
12/19/2012,,,,0.64
12/20/2012,,,,0.64
12/21/2012,,,,0.71
12/24/2012,,,,0.65
12/26/2012,,,,0.74
12/27/2012,,,,0.68
12/28/2012,,,,0.64
12/31/2012,,,,0.62
1/2/2013,,,,0.55
1/3/2013,,,,0.53
1/4/2013,,,,0.64
1/7/2013,,,,0.68
1/8/2013,,,,0.78
1/9/2013,,,,0.61
1/10/2013,,,,0.66
1/11/2013,,,,0.63
1/14/2013,,,,0.52
1/15/2013,,,,0.67
1/16/2013,,,,0.75
1/17/2013,,,,0.61
1/18/2013,,,,0.54
1/22/2013,,,,0.68
1/23/2013,,,,0.69
1/24/2013,,,,0.65
1/25/2013,,,,0.64
1/28/2013,,,,0.76
1/29/2013,,,,0.68
1/30/2013,,,,0.67
1/31/2013,,,,0.73
2/1/2013,,,,0.57
2/4/2013,,,,0.69
2/5/2013,,,,0.59
2/6/2013,,,,0.6
2/7/2013,,,,0.66
2/8/2013,,,,0.57
2/11/2013,,,,0.56
2/12/2013,,,,0.61
2/13/2013,,,,0.65
2/14/2013,,,,0.62
2/15/2013,,,,0.59
2/19/2013,,,,0.58
2/20/2013,,,,0.72
2/21/2013,,,,0.72
2/22/2013,,,,0.59
2/25/2013,,,,0.73
2/26/2013,,,,0.75
2/27/2013,,,,0.63
2/28/2013,,,,0.67
3/1/2013,,,,0.74
3/4/2013,,,,0.67
3/5/2013,,,,0.65
3/6/2013,,,,0.54
3/7/2013,,,,0.59
3/8/2013,,,,0.62
3/11/2013,,,,0.65
3/12/2013,,,,0.61
3/13/2013,,,,0.62
3/14/2013,,,,0.64
3/15/2013,,,,0.56
3/18/2013,,,,0.65
3/19/2013,,,,0.72
3/20/2013,,,,0.59
3/21/2013,,,,0.64
3/22/2013,,,,0.69
3/25/2013,,,,0.72
3/26/2013,,,,0.62
3/27/2013,,,,0.68
3/28/2013,,,,0.62
4/1/2013,,,,0.7
4/2/2013,,,,0.64
4/3/2013,,,,0.76
4/4/2013,,,,0.73
4/5/2013,,,,0.7
4/8/2013,,,,0.58
4/9/2013,,,,0.6
4/10/2013,,,,0.58
4/11/2013,,,,0.62
4/12/2013,,,,0.7
4/15/2013,,,,0.7
4/16/2013,,,,0.7
4/17/2013,,,,0.79
4/18/2013,,,,0.75
4/19/2013,,,,0.85
4/22/2013,,,,0.66
4/23/2013,,,,0.66
4/24/2013,,,,0.58
4/25/2013,,,,0.61
4/26/2013,,,,0.65
4/29/2013,,,,0.58
4/30/2013,,,,0.62
5/1/2013,,,,0.68
5/2/2013,,,,0.55
5/3/2013,,,,0.61
5/6/2013,,,,0.53
5/7/2013,,,,0.63
5/8/2013,,,,0.66
5/9/2013,,,,0.58
5/10/2013,,,,0.59
5/13/2013,,,,0.6
5/14/2013,,,,0.52
5/15/2013,,,,0.52
5/16/2013,,,,0.54
5/17/2013,,,,0.5
5/20/2013,,,,0.52
5/21/2013,,,,0.54
5/22/2013,,,,0.67
5/23/2013,,,,0.67
5/24/2013,,,,0.73
5/28/2013,,,,0.58
5/29/2013,,,,0.64
5/30/2013,,,,0.48
5/31/2013,,,,0.66
6/3/2013,,,,0.63
6/4/2013,,,,0.67
6/5/2013,,,,0.73
6/6/2013,,,,0.63
6/7/2013,,,,0.67
6/10/2013,,,,0.59
6/11/2013,,,,0.81
6/12/2013,,,,0.75
6/13/2013,,,,0.63
6/14/2013,,,,0.73
6/17/2013,,,,0.65
6/18/2013,,,,0.54
6/19/2013,,,,0.66
6/20/2013,,,,0.79
6/21/2013,,,,0.82
6/24/2013,,,,0.65
6/25/2013,,,,0.59
6/26/2013,,,,0.67
6/27/2013,,,,0.71
6/28/2013,,,,0.66
7/1/2013,,,,0.6
7/2/2013,,,,0.65
7/3/2013,,,,0.76
7/5/2013,,,,0.6
7/8/2013,,,,0.69
7/9/2013,,,,0.54
7/10/2013,,,,0.57
7/11/2013,,,,0.57
7/12/2013,,,,0.67
7/15/2013,,,,0.53
7/16/2013,,,,0.64
7/17/2013,,,,0.62
7/18/2013,,,,0.5
7/19/2013,,,,0.54
7/22/2013,,,,0.67
7/23/2013,,,,0.66
7/24/2013,,,,0.65
7/25/2013,,,,0.59
7/26/2013,,,,0.64
7/29/2013,,,,0.6
7/30/2013,,,,0.56
7/31/2013,,,,0.6
8/1/2013,,,,0.55
8/2/2013,,,,0.58
8/5/2013,,,,0.59
8/6/2013,,,,0.63
8/7/2013,,,,0.63
8/8/2013,,,,0.58
8/9/2013,,,,0.58
8/12/2013,,,,0.55
8/13/2013,,,,0.49
8/14/2013,,,,0.53
8/15/2013,,,,0.66
8/16/2013,,,,0.6
8/19/2013,,,,0.54
8/20/2013,,,,0.61
8/21/2013,,,,0.64
8/22/2013,,,,0.55
8/23/2013,,,,0.6
8/26/2013,,,,0.61
8/27/2013,,,,0.68
8/28/2013,,,,0.55
8/29/2013,,,,0.6
8/30/2013,,,,0.67
9/3/2013,,,,0.54
9/4/2013,,,,0.54
9/5/2013,,,,0.52
9/6/2013,,,,0.5
9/9/2013,,,,0.45
9/10/2013,,,,0.48
9/11/2013,,,,0.61
9/12/2013,,,,0.63
9/13/2013,,,,0.6
9/16/2013,,,,0.57
9/17/2013,,,,0.57
9/18/2013,,,,0.53
9/19/2013,,,,0.57
9/20/2013,,,,0.6
9/23/2013,,,,0.7
9/24/2013,,,,0.56
9/25/2013,,,,0.62
9/26/2013,,,,0.49
9/27/2013,,,,0.7
9/30/2013,,,,0.76
10/1/2013,,,,0.53
10/2/2013,,,,0.61
10/3/2013,,,,0.69
10/4/2013,,,,0.59
10/7/2013,,,,0.6
10/8/2013,,,,0.72
10/9/2013,,,,0.69
10/10/2013,,,,0.63
10/11/2013,,,,0.6
10/14/2013,,,,0.59
10/15/2013,,,,0.66
10/16/2013,,,,0.54
10/17/2013,,,,0.54
10/18/2013,,,,0.46
10/21/2013,,,,0.53
10/22/2013,,,,0.54
10/23/2013,,,,0.58
10/24/2013,,,,0.6
10/25/2013,,,,0.64
10/28/2013,,,,0.53
10/29/2013,,,,0.52
10/30/2013,,,,0.6
10/31/2013,,,,0.57
11/1/2013,,,,0.61
11/4/2013,,,,0.54
11/5/2013,,,,0.57
11/6/2013,,,,0.58
11/7/2013,,,,0.57
11/8/2013,,,,0.51
11/11/2013,,,,0.52
11/12/2013,,,,0.55
11/13/2013,,,,0.56
11/14/2013,,,,0.59
11/15/2013,,,,0.55
11/18/2013,,,,0.58
11/19/2013,,,,0.69
11/20/2013,,,,0.63
11/21/2013,,,,0.48
11/22/2013,,,,0.6
11/25/2013,,,,0.54
11/26/2013,,,,0.54
11/27/2013,,,,0.6
11/29/2013,,,,0.48
12/2/2013,,,,0.51
12/3/2013,,,,0.61
12/4/2013,,,,0.56
12/5/2013,,,,0.52
12/6/2013,,,,0.53
12/9/2013,,,,0.62
12/10/2013,,,,0.58
12/11/2013,,,,0.62
12/12/2013,,,,0.53
12/13/2013,,,,0.67
12/16/2013,,,,0.5
12/17/2013,,,,0.53
12/18/2013,,,,0.62
12/19/2013,,,,0.52
12/20/2013,,,,0.5
12/23/2013,,,,0.49
12/24/2013,,,,0.46
12/26/2013,,,,0.59
12/27/2013,,,,0.54
12/30/2013,,,,0.49
12/31/2013,,,,0.46
1/2/2014,,,,0.56
1/3/2014,,,,0.54
1/6/2014,,,,0.52
1/7/2014,,,,0.47
1/8/2014,,,,0.5
1/9/2014,,,,0.55
1/10/2014,,,,0.53
1/13/2014,,,,0.61
1/14/2014,,,,0.52
1/15/2014,,,,0.48
1/16/2014,,,,0.57
1/17/2014,,,,0.53
1/21/2014,,,,0.57
1/22/2014,,,,0.52
1/23/2014,,,,0.65
1/24/2014,,,,0.69
1/27/2014,,,,0.53
1/28/2014,,,,0.53
1/29/2014,,,,0.62
1/30/2014,,,,0.54
1/31/2014,,,,0.66
2/3/2014,,,,0.61
2/4/2014,,,,0.6
2/5/2014,,,,0.62
2/6/2014,,,,0.61
2/7/2014,,,,0.68
2/10/2014,,,,0.71
2/11/2014,,,,0.55
2/12/2014,,,,0.64
2/13/2014,,,,0.57
2/14/2014,,,,0.57
2/18/2014,,,,0.61
2/19/2014,,,,0.55
2/20/2014,,,,0.58
2/21/2014,,,,0.55
2/24/2014,,,,0.55
2/25/2014,,,,0.57
2/26/2014,,,,0.57
2/27/2014,,,,0.58
2/28/2014,,,,0.63
3/3/2014,,,,0.62
3/4/2014,,,,0.48
3/5/2014,,,,0.46
3/6/2014,,,,0.53
3/7/2014,,,,0.55
3/10/2014,,,,0.67
3/11/2014,,,,0.58
3/12/2014,,,,0.71
3/13/2014,,,,0.69
3/14/2014,,,,0.69
3/17/2014,,,,0.57
3/18/2014,,,,0.55
3/19/2014,,,,0.53
3/20/2014,,,,0.55
3/21/2014,,,,0.62
3/24/2014,,,,0.66
3/25/2014,,,,0.53
3/26/2014,,,,0.64
3/27/2014,,,,0.57
3/28/2014,,,,0.64
3/31/2014,,,,0.57
4/1/2014,,,,0.47
4/2/2014,,,,0.51
4/3/2014,,,,0.59
4/4/2014,,,,0.65
4/7/2014,,,,0.62
4/8/2014,,,,0.56
4/9/2014,,,,0.45
4/10/2014,,,,0.7
4/11/2014,,,,0.75
4/14/2014,,,,0.61
4/15/2014,,,,0.59
4/16/2014,,,,0.53
4/17/2014,,,,0.57
4/21/2014,,,,0.47
4/22/2014,,,,0.48
4/23/2014,,,,0.69
4/24/2014,,,,0.61
4/25/2014,,,,0.71
4/28/2014,,,,0.69
4/29/2014,,,,0.61
4/30/2014,,,,0.54
5/1/2014,,,,0.56
5/2/2014,,,,0.65
5/5/2014,,,,0.65
5/6/2014,,,,0.68
5/7/2014,,,,0.67
5/8/2014,,,,0.66
5/9/2014,,,,0.72
5/12/2014,,,,0.53
5/13/2014,,,,0.61
5/14/2014,,,,0.72
5/15/2014,,,,0.69
5/16/2014,,,,0.68
5/19/2014,,,,0.54
5/20/2014,,,,0.66
5/21/2014,,,,0.68
5/22/2014,,,,0.71
5/23/2014,,,,0.58
5/27/2014,,,,0.53
5/28/2014,,,,0.56
5/29/2014,,,,0.52
5/30/2014,,,,0.56
6/2/2014,,,,0.62
6/3/2014,,,,0.58
6/4/2014,,,,0.43
6/5/2014,,,,0.5
6/6/2014,,,,0.47
6/9/2014,,,,0.48
6/10/2014,,,,0.52
6/11/2014,,,,0.5
6/12/2014,,,,0.51
6/13/2014,,,,0.56
6/16/2014,,,,0.48
6/17/2014,,,,0.49
6/18/2014,,,,0.38
6/19/2014,,,,0.47
6/20/2014,,,,0.52
6/23/2014,,,,0.54
6/24/2014,,,,0.52
6/25/2014,,,,0.49
6/26/2014,,,,0.58
6/27/2014,,,,0.52
6/30/2014,,,,0.5
7/1/2014,,,,0.51
7/2/2014,,,,0.57
7/3/2014,,,,0.49
7/7/2014,,,,0.61
7/8/2014,,,,0.63
7/9/2014,,,,0.54
7/10/2014,,,,0.67
7/11/2014,,,,0.54
7/14/2014,,,,0.58
7/15/2014,,,,0.58
7/16/2014,,,,0.5
7/17/2014,,,,0.67
7/18/2014,,,,0.56
7/21/2014,,,,0.62
7/22/2014,,,,0.59
7/23/2014,,,,0.59
7/24/2014,,,,0.58
7/25/2014,,,,0.62
7/28/2014,,,,0.59
7/29/2014,,,,0.6
7/30/2014,,,,0.57
7/31/2014,,,,0.64
8/1/2014,,,,1.04
8/4/2014,,,,0.63
8/5/2014,,,,0.74
8/6/2014,,,,0.8
8/7/2014,,,,0.65
8/8/2014,,,,0.65
8/11/2014,,,,0.57
8/12/2014,,,,0.67
8/13/2014,,,,0.65
8/14/2014,,,,0.6
8/15/2014,,,,0.63
8/18/2014,,,,0.5
8/19/2014,,,,0.58
8/20/2014,,,,0.56
8/21/2014,,,,0.51
8/22/2014,,,,0.56
8/25/2014,,,,0.64
8/26/2014,,,,0.53
8/27/2014,,,,0.62
8/28/2014,,,,0.62
8/29/2014,,,,0.56
9/2/2014,,,,0.63
9/3/2014,,,,0.65
9/4/2014,,,,0.65
9/5/2014,,,,0.62
9/8/2014,,,,0.61
9/9/2014,,,,0.59
9/10/2014,,,,0.58
9/11/2014,,,,0.64
9/12/2014,,,,0.58
9/15/2014,,,,0.61
9/16/2014,,,,0.64
9/17/2014,,,,0.58
9/18/2014,,,,0.62
9/19/2014,,,,0.55
9/22/2014,,,,0.69
9/23/2014,,,,0.66
9/24/2014,,,,0.63
9/25/2014,,,,0.77
9/26/2014,,,,0.71
9/29/2014,,,,0.7
9/30/2014,,,,0.65
10/1/2014,,,,0.78
10/2/2014,,,,0.62
10/3/2014,,,,0.54
10/6/2014,,,,0.63
10/7/2014,,,,0.63
10/8/2014,,,,0.66
10/9/2014,,,,0.75
10/10/2014,,,,0.87
10/13/2014,,,,0.91
10/14/2014,,,,0.78
10/15/2014,,,,0.76
10/16/2014,,,,0.64
10/17/2014,,,,0.71
10/20/2014,,,,0.59
10/21/2014,,,,0.6
10/22/2014,,,,0.74
10/23/2014,,,,0.61
10/24/2014,,,,0.63
10/27/2014,,,,0.66
10/28/2014,,,,0.67
10/29/2014,,,,0.72
10/30/2014,,,,0.58
10/31/2014,,,,0.5
11/3/2014,,,,0.61
11/4/2014,,,,0.67
11/5/2014,,,,0.63
11/6/2014,,,,0.69
11/7/2014,,,,0.57
11/10/2014,,,,0.67
11/11/2014,,,,0.64
11/12/2014,,,,0.61
11/13/2014,,,,0.57
11/14/2014,,,,0.53
11/17/2014,,,,0.56
11/18/2014,,,,0.47
11/19/2014,,,,0.6
11/20/2014,,,,0.55
11/21/2014,,,,0.49
11/24/2014,,,,0.54
11/25/2014,,,,0.62
11/26/2014,,,,0.63
11/28/2014,,,,0.65
12/1/2014,,,,0.62
12/2/2014,,,,0.65
12/3/2014,,,,0.65
12/4/2014,,,,0.66
12/5/2014,,,,0.5
12/8/2014,,,,0.62
12/9/2014,,,,0.78
12/10/2014,,,,0.74
12/11/2014,,,,0.72
12/12/2014,,,,0.79
12/15/2014,,,,0.75
12/16/2014,,,,0.74
12/17/2014,,,,0.71
12/18/2014,,,,0.58
12/19/2014,,,,0.59
12/22/2014,,,,0.49
12/23/2014,,,,0.52
12/24/2014,,,,0.6
12/26/2014,,,,0.55
12/29/2014,,,,0.64
12/30/2014,,,,0.66
12/31/2014,,,,0.56
1/2/2015,,,,0.8
1/5/2015,,,,0.79
1/6/2015,,,,0.59
1/7/2015,,,,0.73
1/8/2015,,,,0.54
1/9/2015,,,,0.64
1/12/2015,,,,0.68
1/13/2015,,,,0.66
1/14/2015,,,,0.75
1/15/2015,,,,0.72
1/16/2015,,,,0.68
1/20/2015,,,,0.61
1/21/2015,,,,0.6
1/22/2015,,,,0.58
1/23/2015,,,,0.7
1/26/2015,,,,0.66
1/27/2015,,,,0.76
1/28/2015,,,,0.67
1/29/2015,,,,0.79
1/30/2015,,,,0.68
2/2/2015,,,,0.76
2/3/2015,,,,0.54
2/4/2015,,,,0.59
2/5/2015,,,,0.66
2/6/2015,,,,0.69
2/9/2015,,,,0.75
2/10/2015,,,,0.66
2/11/2015,,,,0.63
2/12/2015,,,,0.55
2/13/2015,,,,0.56
2/17/2015,,,,0.58
2/18/2015,,,,0.58
2/19/2015,,,,0.55
2/20/2015,,,,0.53
2/23/2015,,,,0.62
2/24/2015,,,,0.57
2/25/2015,,,,0.64
2/26/2015,,,,0.65
2/27/2015,,,,0.64
3/2/2015,,,,0.57
3/3/2015,,,,0.66
3/4/2015,,,,0.61
3/5/2015,,,,0.64
3/6/2015,,,,0.67
3/9/2015,,,,0.65
3/10/2015,,,,0.67
3/11/2015,,,,0.67
3/12/2015,,,,0.65
3/13/2015,,,,0.8
3/16/2015,,,,0.69
3/17/2015,,,,0.74
3/18/2015,,,,0.65
3/19/2015,,,,0.59
3/20/2015,,,,0.57
3/23/2015,,,,0.56
3/24/2015,,,,0.7
3/25/2015,,,,0.69
3/26/2015,,,,0.58
3/27/2015,,,,0.79
3/30/2015,,,,0.53
3/31/2015,,,,0.65
4/1/2015,,,,0.76
4/2/2015,,,,0.81
4/6/2015,,,,0.5
4/7/2015,,,,0.59
4/8/2015,,,,0.6
4/9/2015,,,,0.6
4/10/2015,,,,0.54
4/13/2015,,,,0.59
4/14/2015,,,,0.66
4/15/2015,,,,0.59
4/16/2015,,,,0.67
4/17/2015,,,,0.74
4/20/2015,,,,0.56
4/21/2015,,,,0.64
4/22/2015,,,,0.57
4/23/2015,,,,0.66
4/24/2015,,,,0.6
4/27/2015,,,,0.65
4/28/2015,,,,0.64
4/29/2015,,,,0.69
4/30/2015,,,,0.72
5/1/2015,,,,0.61
5/4/2015,,,,0.55
5/5/2015,,,,0.74
5/6/2015,,,,0.73
5/7/2015,,,,0.69
5/8/2015,,,,0.55
5/11/2015,,,,0.61
5/12/2015,,,,0.64
5/13/2015,,,,0.56
5/14/2015,,,,0.6
5/15/2015,,,,0.56
5/18/2015,,,,0.66
5/19/2015,,,,0.59
5/20/2015,,,,0.58
5/21/2015,,,,0.71
5/22/2015,,,,0.64
5/26/2015,,,,0.74
5/27/2015,,,,0.58
5/28/2015,,,,0.71
5/29/2015,,,,0.57
6/1/2015,,,,0.66
6/2/2015,,,,0.54
6/3/2015,,,,0.51
6/4/2015,,,,0.61
6/5/2015,,,,0.61
6/8/2015,,,,0.61
6/9/2015,,,,0.63
6/10/2015,,,,0.46
6/11/2015,,,,0.59
6/12/2015,,,,0.67
6/15/2015,,,,0.66
6/16/2015,,,,0.64
6/17/2015,,,,0.55
6/18/2015,,,,0.64
6/19/2015,,,,0.63
6/22/2015,,,,0.56
6/23/2015,,,,0.61
6/24/2015,,,,0.52
6/25/2015,,,,0.65
6/26/2015,,,,0.74
6/29/2015,,,,0.94
6/30/2015,,,,0.84
7/1/2015,,,,0.62
7/2/2015,,,,0.7
7/6/2015,,,,0.65
7/7/2015,,,,0.78
7/8/2015,,,,0.87
7/9/2015,,,,0.69
7/10/2015,,,,0.67
7/13/2015,,,,0.55
7/14/2015,,,,0.63
7/15/2015,,,,0.68
7/16/2015,,,,0.71
7/17/2015,,,,0.55
7/20/2015,,,,0.56
7/21/2015,,,,0.69
7/22/2015,,,,0.61
7/23/2015,,,,0.78
7/24/2015,,,,0.86
7/27/2015,,,,0.74
7/28/2015,,,,0.62
7/29/2015,,,,0.62
7/30/2015,,,,0.5
7/31/2015,,,,0.68
8/3/2015,,,,0.73
8/4/2015,,,,0.75
8/5/2015,,,,0.77
8/6/2015,,,,0.82
8/7/2015,,,,0.83
8/10/2015,,,,0.66
8/11/2015,,,,0.79
8/12/2015,,,,0.83
8/13/2015,,,,0.74
8/14/2015,,,,0.67
8/17/2015,,,,0.69
8/18/2015,,,,0.66
8/19/2015,,,,0.81
8/20/2015,,,,0.82
8/21/2015,,,,1.04
8/24/2015,,,,0.87
8/25/2015,,,,0.7
8/26/2015,,,,0.85
8/27/2015,,,,0.76
8/28/2015,,,,0.72
8/31/2015,,,,0.66
9/1/2015,,,,0.74
9/2/2015,,,,0.73
9/3/2015,,,,0.68
9/4/2015,,,,0.89
9/8/2015,,,,0.66
9/9/2015,,,,0.71
9/10/2015,,,,0.77
9/11/2015,,,,0.81
9/14/2015,,,,0.91
9/15/2015,,,,0.87
9/16/2015,,,,0.73
9/17/2015,,,,0.74
9/18/2015,,,,0.83
9/21/2015,,,,0.55
9/22/2015,,,,0.8
9/23/2015,,,,0.69
9/24/2015,,,,0.86
9/25/2015,,,,0.74
9/28/2015,,,,0.94
9/29/2015,,,,0.95
9/30/2015,,,,0.7
10/1/2015,,,,0.73
10/2/2015,,,,0.67
10/5/2015,,,,0.62
10/6/2015,,,,0.68
10/7/2015,,,,0.83
10/8/2015,,,,0.7
10/9/2015,,,,0.64
10/12/2015,,,,0.67
10/13/2015,,,,0.8
10/14/2015,,,,0.75
10/15/2015,,,,0.87
10/16/2015,,,,0.61
10/19/2015,,,,0.67
10/20/2015,,,,0.7
10/21/2015,,,,0.83
10/22/2015,,,,0.66
10/23/2015,,,,0.63
10/26/2015,,,,0.72
10/27/2015,,,,0.74
10/28/2015,,,,0.54
10/29/2015,,,,0.56
10/30/2015,,,,0.59
11/2/2015,,,,0.58
11/3/2015,,,,0.71
11/4/2015,,,,0.73
11/5/2015,,,,0.63
11/6/2015,,,,0.66
11/9/2015,,,,0.76
11/10/2015,,,,0.8
11/11/2015,,,,0.59
11/12/2015,,,,0.83
11/13/2015,,,,0.98
11/16/2015,,,,0.71
11/17/2015,,,,0.83
11/18/2015,,,,0.72
11/19/2015,,,,0.79
11/20/2015,,,,0.67
11/23/2015,,,,0.6
11/24/2015,,,,0.67
11/25/2015,,,,0.65
11/27/2015,,,,0.76
11/30/2015,,,,0.65
12/1/2015,,,,0.61
12/2/2015,,,,0.67
12/3/2015,,,,0.9
12/4/2015,,,,0.61
12/7/2015,,,,0.83
12/8/2015,,,,0.96
12/9/2015,,,,0.66
12/10/2015,,,,0.72
12/11/2015,,,,0.92
12/14/2015,,,,0.57
12/15/2015,,,,0.66
12/16/2015,,,,0.54
12/17/2015,,,,0.77
12/18/2015,,,,0.77
12/21/2015,,,,0.64
12/22/2015,,,,0.56
12/23/2015,,,,0.56
12/24/2015,,,,0.57
12/28/2015,,,,1.21
12/29/2015,,,,0.54
12/30/2015,,,,0.59
12/31/2015,,,,0.69
1/4/2016,,,,0.8
1/5/2016,,,,0.65
1/6/2016,,,,0.7
1/7/2016,,,,0.89
1/8/2016,,,,0.93
1/11/2016,,,,0.94
1/12/2016,,,,0.86
1/13/2016,,,,0.91
1/14/2016,,,,0.82
1/15/2016,,,,1.14
1/19/2016,,,,0.62
1/20/2016,,,,0.59
1/21/2016,,,,0.69
1/22/2016,,,,0.64
1/25/2016,,,,0.69
1/26/2016,,,,0.62
1/27/2016,,,,0.71
1/28/2016,,,,0.62
1/29/2016,,,,0.58
2/1/2016,,,,0.63
2/2/2016,,,,0.76
2/3/2016,,,,0.82
2/4/2016,,,,0.75
2/5/2016,,,,0.92
2/8/2016,,,,0.93
2/9/2016,,,,0.76
2/10/2016,,,,0.78
2/11/2016,,,,0.96
2/12/2016,,,,0.71
2/16/2016,,,,0.8
2/17/2016,,,,0.68
2/18/2016,,,,0.75
2/19/2016,,,,0.87
2/22/2016,,,,0.58
2/23/2016,,,,0.71
2/24/2016,,,,0.71
2/25/2016,,,,0.62
2/26/2016,,,,0.64
2/29/2016,,,,0.6
3/1/2016,,,,0.68
3/2/2016,,,,0.64
3/3/2016,,,,0.55
3/4/2016,,,,0.59
3/7/2016,,,,0.67
3/8/2016,,,,0.9
3/9/2016,,,,0.68
3/10/2016,,,,0.74
3/11/2016,,,,0.6
3/14/2016,,,,0.69
3/15/2016,,,,0.85
3/16/2016,,,,0.71
3/17/2016,,,,0.63
3/18/2016,,,,0.55
3/21/2016,,,,0.71
3/22/2016,,,,0.88
3/23/2016,,,,0.84
3/24/2016,,,,0.82
3/28/2016,,,,0.66
3/29/2016,,,,0.61
3/30/2016,,,,0.62
3/31/2016,,,,0.68
4/1/2016,,,,0.63
4/4/2016,,,,0.65
4/5/2016,,,,0.69
4/6/2016,,,,0.61
4/7/2016,,,,0.68
4/8/2016,,,,0.75
4/11/2016,,,,0.65
4/12/2016,,,,0.72
4/13/2016,,,,0.61
4/14/2016,,,,0.68
4/15/2016,,,,0.63
4/18/2016,,,,0.69
4/19/2016,,,,0.67
4/20/2016,,,,0.68
4/21/2016,,,,0.85
4/22/2016,,,,0.61
4/25/2016,,,,0.7
4/26/2016,,,,0.53
4/27/2016,,,,0.55
4/28/2016,,,,0.77
4/29/2016,,,,0.86
5/2/2016,,,,0.74
5/3/2016,,,,0.77
5/4/2016,,,,0.8
5/5/2016,,,,0.8
5/6/2016,,,,0.92
5/9/2016,,,,0.86
5/10/2016,,,,0.91
5/11/2016,,,,0.8
5/12/2016,,,,0.8
5/13/2016,,,,0.84
5/16/2016,,,,0.6
5/17/2016,,,,0.81
5/18/2016,,,,0.75
5/19/2016,,,,0.8
5/20/2016,,,,0.78
5/23/2016,,,,0.65
5/24/2016,,,,0.6
5/25/2016,,,,0.62
5/26/2016,,,,0.55
5/27/2016,,,,0.51
5/31/2016,,,,0.58
6/1/2016,,,,0.55
6/2/2016,,,,0.69
6/3/2016,,,,0.59
6/6/2016,,,,0.59
6/7/2016,,,,0.61
6/8/2016,,,,0.59
6/9/2016,,,,0.72
6/10/2016,,,,0.81
6/13/2016,,,,0.75
6/14/2016,,,,0.79
6/15/2016,,,,0.68
6/16/2016,,,,0.77
6/17/2016,,,,0.63
6/20/2016,,,,0.6
6/21/2016,,,,0.64
6/22/2016,,,,0.77
6/23/2016,,,,0.61
6/24/2016,,,,1.01
6/27/2016,,,,0.81
6/28/2016,,,,0.59
6/29/2016,,,,0.58
6/30/2016,,,,0.65
7/1/2016,,,,0.57
7/5/2016,,,,0.73
7/6/2016,,,,0.76
7/7/2016,,,,0.6
7/8/2016,,,,0.52
7/11/2016,,,,0.58
7/12/2016,,,,0.59
7/13/2016,,,,0.56
7/14/2016,,,,0.53
7/15/2016,,,,0.52
7/18/2016,,,,0.69
7/19/2016,,,,0.67
7/20/2016,,,,0.57
7/21/2016,,,,0.61
7/22/2016,,,,0.59
7/25/2016,,,,0.71
7/26/2016,,,,0.76
7/27/2016,,,,0.66
7/28/2016,,,,0.62
7/29/2016,,,,0.62
8/1/2016,,,,0.72
8/2/2016,,,,0.72
8/3/2016,,,,0.59
8/4/2016,,,,0.65
8/5/2016,,,,0.52
8/8/2016,,,,0.58
8/9/2016,,,,0.61
8/10/2016,,,,0.62
8/11/2016,,,,0.61
8/12/2016,,,,0.55
8/15/2016,,,,0.51
8/16/2016,,,,0.7
8/17/2016,,,,0.59
8/18/2016,,,,0.54
8/19/2016,,,,0.6
8/22/2016,,,,0.63
8/23/2016,,,,0.56
8/24/2016,,,,0.68
8/25/2016,,,,0.75
8/26/2016,,,,0.73
8/29/2016,,,,0.6
8/30/2016,,,,0.63
8/31/2016,,,,0.7
9/1/2016,,,,0.7
9/2/2016,,,,0.61
9/6/2016,,,,0.5
9/7/2016,,,,0.57
9/8/2016,,,,0.61
9/9/2016,,,,0.78
9/12/2016,,,,0.64
9/13/2016,,,,0.75
9/14/2016,,,,0.55
9/15/2016,,,,0.7
9/16/2016,,,,0.65
9/19/2016,,,,0.56
9/20/2016,,,,0.66
9/21/2016,,,,0.63
9/22/2016,,,,0.57
9/23/2016,,,,0.65
9/26/2016,,,,0.73
9/27/2016,,,,0.62
9/28/2016,,,,0.65
9/29/2016,,,,0.74
9/30/2016,,,,0.61
10/3/2016,,,,0.64
10/4/2016,,,,0.51
10/5/2016,,,,0.58
10/6/2016,,,,0.71
10/7/2016,,,,0.68
10/10/2016,,,,0.61
10/11/2016,,,,0.75
10/12/2016,,,,0.64
10/13/2016,,,,0.71
10/14/2016,,,,0.68
10/17/2016,,,,0.62
10/18/2016,,,,0.69
10/19/2016,,,,0.59
10/20/2016,,,,0.53
10/21/2016,,,,0.56
10/24/2016,,,,0.59
10/25/2016,,,,0.69
10/26/2016,,,,0.73
10/27/2016,,,,0.55
10/28/2016,,,,0.78
10/31/2016,,,,0.75
11/1/2016,,,,0.86
11/2/2016,,,,0.99
11/3/2016,,,,0.74
11/4/2016,,,,0.7
11/7/2016,,,,0.68
11/8/2016,,,,0.69
11/9/2016,,,,0.61
11/10/2016,,,,0.6
11/11/2016,,,,0.53
11/14/2016,,,,0.57
11/15/2016,,,,0.51
11/16/2016,,,,0.63
11/17/2016,,,,0.65
11/18/2016,,,,0.68
11/21/2016,,,,0.57
11/22/2016,,,,0.63
11/23/2016,,,,0.6
11/25/2016,,,,0.61
11/28/2016,,,,0.57
11/29/2016,,,,0.62
11/30/2016,,,,0.54
12/1/2016,,,,0.66
12/2/2016,,,,0.67
12/5/2016,,,,0.63
12/6/2016,,,,0.58
12/7/2016,,,,0.46
12/8/2016,,,,0.5
12/9/2016,,,,0.53
12/12/2016,,,,0.57
12/13/2016,,,,0.54
12/14/2016,,,,0.58
12/15/2016,,,,0.59
12/16/2016,,,,0.62
12/19/2016,,,,0.71
12/20/2016,,,,0.63
12/21/2016,,,,0.77
12/22/2016,,,,0.67
12/23/2016,,,,0.66
12/27/2016,,,,0.62
12/28/2016,,,,0.61
12/29/2016,,,,0.62
12/30/2016,,,,0.76
1/3/2017,,,,0.69
1/4/2017,,,,0.64
1/5/2017,,,,0.69
1/6/2017,,,,0.68
1/9/2017,,,,0.62
1/10/2017,,,,0.64
1/11/2017,,,,0.63
1/12/2017,,,,0.68
1/13/2017,,,,0.63
1/17/2017,,,,0.65
1/18/2017,,,,0.67
1/19/2017,,,,0.56
1/20/2017,,,,0.7
1/23/2017,,,,0.72
1/24/2017,,,,0.65
1/25/2017,,,,0.61
1/26/2017,,,,0.65
1/27/2017,,,,0.73
1/30/2017,,,,0.82
1/31/2017,,,,0.7
2/1/2017,,,,0.71
2/2/2017,,,,0.64
2/3/2017,,,,0.68
2/6/2017,,,,0.75
2/7/2017,,,,0.7
2/8/2017,,,,0.69
2/9/2017,,,,0.58
2/10/2017,,,,0.7
2/13/2017,,,,0.61
2/14/2017,,,,0.53
2/15/2017,,,,0.58
2/16/2017,,,,0.54
2/17/2017,,,,0.59
2/21/2017,,,,0.61
2/22/2017,,,,0.6
2/23/2017,,,,0.62
2/24/2017,,,,0.72
2/27/2017,,,,0.63
2/28/2017,,,,0.7
3/1/2017,,,,0.53
3/2/2017,,,,0.56
3/3/2017,,,,0.7
3/6/2017,,,,0.67
3/7/2017,,,,0.54
3/8/2017,,,,0.62
3/9/2017,,,,0.72
3/10/2017,,,,0.57
3/13/2017,,,,0.7
3/14/2017,,,,0.73
3/15/2017,,,,0.61
3/16/2017,,,,0.57
3/17/2017,,,,0.61
3/20/2017,,,,0.64
3/21/2017,,,,0.79
3/22/2017,,,,0.73
3/23/2017,,,,0.67
3/24/2017,,,,0.69
3/27/2017,,,,0.58
3/28/2017,,,,0.6
3/29/2017,,,,0.54
3/30/2017,,,,0.58
3/31/2017,,,,0.56
4/3/2017,,,,0.67
4/4/2017,,,,0.62
4/5/2017,,,,0.61
4/6/2017,,,,0.66
4/7/2017,,,,0.67
4/10/2017,,,,0.62
4/11/2017,,,,0.79
4/12/2017,,,,0.69
4/13/2017,,,,0.96
4/17/2017,,,,0.63
4/18/2017,,,,0.62
4/19/2017,,,,0.7
4/20/2017,,,,0.68
4/21/2017,,,,0.67
4/24/2017,,,,0.61
4/25/2017,,,,0.61
4/26/2017,,,,0.63
4/27/2017,,,,0.72
4/28/2017,,,,0.68
5/1/2017,,,,0.62
5/2/2017,,,,0.61
5/3/2017,,,,0.69
5/4/2017,,,,0.77
5/5/2017,,,,0.64
5/8/2017,,,,0.6
5/9/2017,,,,0.63
5/10/2017,,,,0.62
5/11/2017,,,,0.65
5/12/2017,,,,0.57
5/15/2017,,,,0.55
5/16/2017,,,,0.54
5/17/2017,,,,0.73
5/18/2017,,,,0.7
5/19/2017,,,,0.62
5/22/2017,,,,0.54
5/23/2017,,,,0.6
5/24/2017,,,,0.62
5/25/2017,,,,0.59
5/26/2017,,,,0.64
5/30/2017,,,,0.68
5/31/2017,,,,0.63
6/1/2017,,,,0.66
6/2/2017,,,,0.6
6/5/2017,,,,0.51
6/6/2017,,,,0.59
6/7/2017,,,,0.58
6/8/2017,,,,0.55
6/9/2017,,,,0.72
6/12/2017,,,,0.68
6/13/2017,,,,0.64
6/14/2017,,,,0.67
6/15/2017,,,,0.8
6/16/2017,,,,0.67
6/19/2017,,,,0.58
6/20/2017,,,,0.72
6/21/2017,,,,0.59
6/22/2017,,,,0.5
6/23/2017,,,,0.58
6/26/2017,,,,0.64
6/27/2017,,,,0.6
6/28/2017,,,,0.68
6/29/2017,,,,0.69
6/30/2017,,,,0.67
7/3/2017,,,,0.55
7/5/2017,,,,0.61
7/6/2017,,,,0.65
7/7/2017,,,,0.66
7/10/2017,,,,0.64
7/11/2017,,,,0.69
7/12/2017,,,,0.6
7/13/2017,,,,0.62
7/14/2017,,,,0.53
7/17/2017,,,,0.63
7/18/2017,,,,0.62
7/19/2017,,,,0.56
7/20/2017,,,,0.53
7/21/2017,,,,0.56
7/24/2017,,,,0.68
7/25/2017,,,,0.61
7/26/2017,,,,0.65
7/27/2017,,,,0.71
7/28/2017,,,,0.63
7/31/2017,,,,0.62
8/1/2017,,,,0.64
8/2/2017,,,,0.75
8/3/2017,,,,0.71
8/4/2017,,,,0.66
8/7/2017,,,,0.77
8/8/2017,,,,0.67
8/9/2017,,,,0.83
8/10/2017,,,,0.88
8/11/2017,,,,0.94
8/14/2017,,,,0.59
8/15/2017,,,,0.68
8/16/2017,,,,0.62
8/17/2017,,,,0.78
8/18/2017,,,,0.82
8/21/2017,,,,0.57
8/22/2017,,,,0.55
8/23/2017,,,,0.58
8/24/2017,,,,0.69
8/25/2017,,,,0.69
8/28/2017,,,,0.55
8/29/2017,,,,0.61
8/30/2017,,,,0.57
8/31/2017,,,,0.57
9/1/2017,,,,0.56
9/5/2017,,,,0.67
9/6/2017,,,,0.56
9/7/2017,,,,0.55
9/8/2017,,,,0.73
9/11/2017,,,,0.65
9/12/2017,,,,0.58
9/13/2017,,,,0.55
9/14/2017,,,,0.56
9/15/2017,,,,0.63
9/18/2017,,,,0.61
9/19/2017,,,,0.67
9/20/2017,,,,0.61
9/21/2017,,,,0.66
9/22/2017,,,,0.77
9/25/2017,,,,0.64
9/26/2017,,,,0.69
9/27/2017,,,,0.61
9/28/2017,,,,0.52
9/29/2017,,,,0.59
10/2/2017,,,,0.61
10/3/2017,,,,0.66
10/4/2017,,,,0.58
10/5/2017,,,,0.69
10/6/2017,,,,0.7
10/9/2017,,,,0.73
10/10/2017,,,,0.54
10/11/2017,,,,0.62
10/12/2017,,,,0.7
10/13/2017,,,,0.65
10/16/2017,,,,0.7
10/17/2017,,,,0.66
10/18/2017,,,,0.72
10/19/2017,,,,0.7
10/20/2017,,,,0.6
10/23/2017,,,,0.65
10/24/2017,,,,0.63
10/25/2017,,,,0.71
10/26/2017,,,,0.61
10/27/2017,,,,0.55
10/30/2017,,,,0.69
10/31/2017,,,,0.57
11/1/2017,,,,0.71
11/2/2017,,,,0.63
11/3/2017,,,,0.6
11/6/2017,,,,0.61
11/7/2017,,,,0.64
11/8/2017,,,,0.68
11/9/2017,,,,0.64
11/10/2017,,,,0.66
11/13/2017,,,,0.69
11/14/2017,,,,0.62
11/15/2017,,,,0.74
11/16/2017,,,,0.64
11/17/2017,,,,0.56
11/20/2017,,,,0.59
11/21/2017,,,,0.58
11/22/2017,,,,0.57
11/24/2017,,,,0.62
11/27/2017,,,,0.61
11/28/2017,,,,0.5
11/29/2017,,,,0.52
11/30/2017,,,,0.55
12/1/2017,,,,0.63
12/4/2017,,,,0.56
12/5/2017,,,,0.57
12/6/2017,,,,0.67
12/7/2017,,,,0.58
12/8/2017,,,,0.6
12/11/2017,,,,0.63
12/12/2017,,,,0.51
12/13/2017,,,,0.57
12/14/2017,,,,0.6
12/15/2017,,,,0.57
12/18/2017,,,,0.5
12/19/2017,,,,0.53
12/20/2017,,,,0.56
12/21/2017,,,,0.56
12/22/2017,,,,0.64
12/26/2017,,,,0.58
12/27/2017,,,,0.55
12/28/2017,,,,0.57
12/29/2017,,,,0.59
1/2/2018,,,,0.47
1/3/2018,,,,0.54
1/4/2018,,,,0.5
1/5/2018,,,,0.58
1/8/2018,,,,0.63
1/9/2018,,,,0.6
1/10/2018,,,,0.65
1/11/2018,,,,0.5
1/12/2018,,,,0.5
1/16/2018,,,,0.49
1/17/2018,,,,0.48
1/18/2018,,,,0.56
1/19/2018,,,,0.56
1/22/2018,,,,0.56
1/23/2018,,,,0.52
1/24/2018,,,,0.53
1/25/2018,,,,0.56
1/26/2018,,,,0.49
1/29/2018,,,,0.57
1/30/2018,,,,0.61
1/31/2018,,,,0.59
2/1/2018,,,,0.59
2/2/2018,,,,0.77
2/5/2018,,,,0.73
2/6/2018,,,,0.75
2/7/2018,,,,0.68
2/8/2018,,,,0.75
2/9/2018,,,,0.88
2/12/2018,,,,0.67
2/13/2018,,,,0.73
2/14/2018,,,,0.59
2/15/2018,,,,0.61
2/16/2018,,,,0.52
2/20/2018,,,,0.66
2/21/2018,,,,0.58
2/22/2018,,,,0.63
2/23/2018,,,,0.62
2/26/2018,,,,0.59
2/27/2018,,,,0.63
2/28/2018,,,,0.67
3/1/2018,,,,0.72
3/2/2018,,,,0.71
3/5/2018,,,,0.55
3/6/2018,,,,0.52
3/7/2018,,,,0.58
3/8/2018,,,,0.61
3/9/2018,,,,0.53
3/12/2018,,,,0.57
3/13/2018,,,,0.57
3/14/2018,,,,0.69
3/15/2018,,,,0.63
3/16/2018,,,,0.63
3/19/2018,,,,0.67
3/20/2018,,,,0.68
3/21/2018,,,,0.62
3/22/2018,,,,0.74
3/23/2018,,,,0.76
3/26/2018,,,,0.63
3/27/2018,,,,0.71
3/28/2018,,,,0.68
3/29/2018,,,,0.63
4/2/2018,,,,0.77
4/3/2018,,,,0.65
4/4/2018,,,,0.63
4/5/2018,,,,0.61
4/6/2018,,,,0.76
4/9/2018,,,,0.61
4/10/2018,,,,0.57
4/11/2018,,,,0.65
4/12/2018,,,,0.66
4/13/2018,,,,0.66
4/16/2018,,,,0.64
4/17/2018,,,,0.68
4/18/2018,,,,0.56
4/19/2018,,,,0.64
4/20/2018,,,,0.65
4/23/2018,,,,0.61
4/24/2018,,,,0.68
4/25/2018,,,,0.7
4/26/2018,,,,0.61
4/27/2018,,,,0.64
4/30/2018,,,,0.61
5/1/2018,,,,0.68
5/2/2018,,,,0.65
5/3/2018,,,,0.76
5/4/2018,,,,0.55
5/7/2018,,,,0.54
5/8/2018,,,,0.61
5/9/2018,,,,0.58
5/10/2018,,,,0.51
5/11/2018,,,,0.6
5/14/2018,,,,0.62
5/15/2018,,,,0.62
5/16/2018,,,,0.5
5/17/2018,,,,0.57
5/18/2018,,,,0.66
5/21/2018,,,,0.54
5/22/2018,,,,0.58
5/23/2018,,,,0.65
5/24/2018,,,,0.64
5/25/2018,,,,0.61
5/29/2018,,,,0.65
5/30/2018,,,,0.56
5/31/2018,,,,0.63
6/1/2018,,,,0.56
6/4/2018,,,,0.55
6/5/2018,,,,0.48
6/6/2018,,,,0.53
6/7/2018,,,,0.56
6/8/2018,,,,0.6
6/11/2018,,,,0.54
6/12/2018,,,,0.5
6/13/2018,,,,0.54
6/14/2018,,,,0.5
6/15/2018,,,,0.61
6/18/2018,,,,0.54
6/19/2018,,,,0.59
6/20/2018,,,,0.56
6/21/2018,,,,0.56
6/22/2018,,,,0.56
6/25/2018,,,,0.61
6/26/2018,,,,0.52
6/27/2018,,,,0.67
6/28/2018,,,,0.65
6/29/2018,,,,0.69
7/2/2018,,,,0.58
7/3/2018,,,,0.67
7/5/2018,,,,0.6
7/6/2018,,,,0.57
7/9/2018,,,,0.53
7/10/2018,,,,0.74
7/11/2018,,,,0.59
7/12/2018,,,,0.56
7/13/2018,,,,0.62
7/16/2018,,,,0.7
7/17/2018,,,,0.65
7/18/2018,,,,0.56
7/19/2018,,,,0.62
7/20/2018,,,,0.66
7/23/2018,,,,0.55
7/24/2018,,,,0.63
7/25/2018,,,,0.61
7/26/2018,,,,0.63
7/27/2018,,,,0.67
7/30/2018,,,,0.72
7/31/2018,,,,0.69
8/1/2018,,,,0.67
8/2/2018,,,,0.58
8/3/2018,,,,0.56
8/6/2018,,,,0.62
8/7/2018,,,,0.64
8/8/2018,,,,0.62
8/9/2018,,,,0.62
8/10/2018,,,,0.7
8/13/2018,,,,0.64
8/14/2018,,,,0.66
8/15/2018,,,,0.66
8/16/2018,,,,0.6
8/17/2018,,,,0.7
8/20/2018,,,,0.55
8/21/2018,,,,0.58
8/22/2018,,,,0.6
8/23/2018,,,,0.61
8/24/2018,,,,0.57
8/27/2018,,,,0.53
8/28/2018,,,,0.53
8/29/2018,,,,0.55
8/30/2018,,,,0.58
8/31/2018,,,,0.63
9/4/2018,,,,0.59
9/5/2018,,,,0.62
9/6/2018,,,,0.74
9/7/2018,,,,0.69
9/10/2018,,,,0.62
9/11/2018,,,,0.61
9/12/2018,,,,0.55
9/13/2018,,,,0.5
9/14/2018,,,,0.58
9/17/2018,,,,0.64
9/18/2018,,,,0.55
9/19/2018,,,,0.57
9/20/2018,,,,0.56
9/21/2018,,,,0.57
9/24/2018,,,,0.63
9/25/2018,,,,0.52
9/26/2018,,,,0.59
9/27/2018,,,,0.61
9/28/2018,,,,0.64
10/1/2018,,,,0.57
10/2/2018,,,,0.54
10/3/2018,,,,0.56
10/4/2018,,,,0.72
10/5/2018,,,,0.84
10/8/2018,,,,0.66
10/9/2018,,,,0.62
10/10/2018,,,,0.74
10/11/2018,,,,0.68
10/12/2018,,,,0.67
10/15/2018,,,,0.61
10/16/2018,,,,0.63
10/17/2018,,,,0.68
10/18/2018,,,,0.73
10/19/2018,,,,0.82
10/22/2018,,,,0.57
10/23/2018,,,,0.61
10/24/2018,,,,0.71
10/25/2018,,,,0.66
10/26/2018,,,,0.8
10/29/2018,,,,0.74
10/30/2018,,,,0.69
10/31/2018,,,,0.65
11/1/2018,,,,0.51
11/2/2018,,,,0.68
11/5/2018,,,,0.61
11/6/2018,,,,0.67
11/7/2018,,,,0.59
11/8/2018,,,,0.64
11/9/2018,,,,0.8
11/12/2018,,,,0.73
11/13/2018,,,,0.7
11/14/2018,,,,0.81
11/15/2018,,,,0.73
11/16/2018,,,,0.74
11/19/2018,,,,0.72
11/20/2018,,,,0.82
11/21/2018,,,,0.73
11/23/2018,,,,0.85
11/26/2018,,,,0.64
11/27/2018,,,,0.7
11/28/2018,,,,0.62
11/29/2018,,,,0.57
11/30/2018,,,,0.53
12/3/2018,,,,0.57
12/4/2018,,,,0.69
12/6/2018,,,,0.85
12/7/2018,,,,0.77
12/10/2018,,,,0.7
12/11/2018,,,,0.65
12/12/2018,,,,0.62
12/13/2018,,,,0.75
12/14/2018,,,,0.79
12/17/2018,,,,0.97
12/18/2018,,,,0.69
12/19/2018,,,,0.85
12/20/2018,,,,0.91
12/21/2018,,,,1.13
12/24/2018,,,,0.79
12/26/2018,,,,0.62
12/27/2018,,,,0.73
12/28/2018,,,,0.44
12/31/2018,,,,0.6
1/2/2019,,,,0.67
1/3/2019,,,,0.73
1/4/2019,,,,0.59
1/7/2019,,,,0.6
1/8/2019,,,,0.63
1/9/2019,,,,0.59
1/10/2019,,,,0.65
1/11/2019,,,,0.77
1/14/2019,,,,0.65
1/15/2019,,,,0.7
1/16/2019,,,,0.6
1/17/2019,,,,0.52
1/18/2019,,,,0.54
1/22/2019,,,,0.64
1/23/2019,,,,0.64
1/24/2019,,,,0.72
1/25/2019,,,,0.51
1/28/2019,,,,0.76
1/29/2019,,,,0.68
1/30/2019,,,,0.63
1/31/2019,,,,0.53
2/1/2019,,,,0.6
2/4/2019,,,,0.6
2/5/2019,,,,0.56
2/6/2019,,,,0.64
2/7/2019,,,,0.7
2/8/2019,,,,0.61
2/11/2019,,,,0.6
2/12/2019,,,,0.57
2/13/2019,,,,0.57
2/14/2019,,,,0.6
2/15/2019,,,,0.52
2/19/2019,,,,0.61
2/20/2019,,,,0.54
2/21/2019,,,,0.66
2/22/2019,,,,0.63
2/25/2019,,,,0.55
2/26/2019,,,,0.6
2/27/2019,,,,0.54
2/28/2019,,,,0.63
3/1/2019,,,,0.6
3/4/2019,,,,0.67
3/5/2019,,,,0.67
3/6/2019,,,,0.7
3/7/2019,,,,0.76
3/8/2019,,,,0.75
3/11/2019,,,,0.57
3/12/2019,,,,0.66
3/13/2019,,,,0.52
3/14/2019,,,,0.65
3/15/2019,,,,0.57
3/18/2019,,,,0.52
3/19/2019,,,,0.58
3/20/2019,,,,0.58
3/21/2019,,,,0.51
3/22/2019,,,,0.68
3/25/2019,,,,0.62
3/26/2019,,,,0.65
3/27/2019,,,,0.69
3/28/2019,,,,0.71
3/29/2019,,,,0.65
4/1/2019,,,,0.61
4/2/2019,,,,0.57
4/3/2019,,,,0.52
4/4/2019,,,,0.59
4/5/2019,,,,0.59
4/8/2019,,,,0.68
4/9/2019,,,,0.58
4/10/2019,,,,0.62
4/11/2019,,,,0.67
4/12/2019,,,,0.54
4/15/2019,,,,0.57
4/16/2019,,,,0.58
4/17/2019,,,,0.55
4/18/2019,,,,0.62
4/22/2019,,,,0.6
4/23/2019,,,,0.59
4/24/2019,,,,0.6
4/25/2019,,,,0.57
4/26/2019,,,,0.63
4/29/2019,,,,0.61
4/30/2019,,,,0.65
5/1/2019,,,,0.63
5/2/2019,,,,0.64
5/3/2019,,,,0.52
5/6/2019,,,,0.63
5/7/2019,,,,0.68
5/8/2019,,,,0.66
5/9/2019,,,,0.7
5/10/2019,,,,0.8
5/13/2019,,,,0.79
5/14/2019,,,,0.7
5/15/2019,,,,0.77
5/16/2019,,,,0.66
5/17/2019,,,,0.81
5/20/2019,,,,0.65
5/21/2019,,,,0.57
5/22/2019,,,,0.72
5/23/2019,,,,0.8
5/24/2019,,,,0.76
5/28/2019,,,,0.68
5/29/2019,,,,0.63
5/30/2019,,,,0.64
5/31/2019,,,,0.83
6/3/2019,,,,0.67
6/4/2019,,,,0.67
6/5/2019,,,,0.64
6/6/2019,,,,0.66
6/7/2019,,,,0.51
6/10/2019,,,,0.57
6/11/2019,,,,0.65
6/12/2019,,,,0.77
6/13/2019,,,,0.63
6/14/2019,,,,0.63
6/17/2019,,,,0.72
6/18/2019,,,,0.55
6/19/2019,,,,0.61
6/20/2019,,,,0.52
6/21/2019,,,,0.53
6/24/2019,,,,0.59
6/25/2019,,,,0.63
6/26/2019,,,,0.67
6/27/2019,,,,0.58
6/28/2019,,,,0.55
7/1/2019,,,,0.65
7/2/2019,,,,0.66
7/3/2019,,,,0.64
7/5/2019,,,,0.61
7/8/2019,,,,0.63
7/9/2019,,,,0.58
7/10/2019,,,,0.51
7/11/2019,,,,0.61
7/12/2019,,,,0.55
7/15/2019,,,,0.59
7/16/2019,,,,0.62
7/17/2019,,,,0.67
7/18/2019,,,,0.6
7/19/2019,,,,0.6
7/22/2019,,,,0.71
7/23/2019,,,,0.61
7/24/2019,,,,0.66
7/25/2019,,,,0.68
7/26/2019,,,,0.6
7/29/2019,,,,0.71
7/30/2019,,,,0.73
7/31/2019,,,,0.62
8/1/2019,,,,0.75
8/2/2019,,,,0.87
8/5/2019,,,,0.84
8/6/2019,,,,0.78
8/7/2019,,,,0.78
8/8/2019,,,,0.62
8/9/2019,,,,0.68
8/12/2019,,,,0.78
8/13/2019,,,,0.66
8/14/2019,,,,0.84
8/15/2019,,,,0.98
8/16/2019,,,,0.67
8/19/2019,,,,0.55
8/20/2019,,,,0.69
8/21/2019,,,,0.6
8/22/2019,,,,0.74
8/23/2019,,,,0.88
8/26/2019,,,,0.58
8/27/2019,,,,0.64
8/28/2019,,,,0.64
8/29/2019,,,,0.66
8/30/2019,,,,0.68
9/3/2019,,,,0.73
9/4/2019,,,,0.68
9/5/2019,,,,0.53
9/6/2019,,,,0.56
9/9/2019,,,,0.59
9/10/2019,,,,0.65
9/11/2019,,,,0.54
9/12/2019,,,,0.55
9/13/2019,,,,0.62
9/16/2019,,,,0.68
9/17/2019,,,,0.56
9/18/2019,,,,0.7
9/19/2019,,,,0.67
9/20/2019,,,,0.65
9/23/2019,,,,0.65
9/24/2019,,,,0.7
9/25/2019,,,,0.67
9/26/2019,,,,0.74
9/27/2019,,,,0.72
9/30/2019,,,,0.67
10/1/2019,,,,0.73
10/2/2019,,,,0.84
10/3/2019,,,,0.77
10/4/2019,,,,0.65
10/7/2019,,,,0.94
10/8/2019,,,,0.73
10/9/2019,,,,0.58
10/10/2019,,,,0.62
10/11/2019,,,,0.51
10/14/2019,,,,0.62
10/15/2019,,,,0.61
10/16/2019,,,,0.63
10/17/2019,,,,0.65
10/18/2019,,,,0.99
10/21/2019,,,,0.64
10/22/2019,,,,0.61
10/23/2019,,,,0.69
10/24/2019,,,,0.68
10/25/2019,,,,0.56
10/28/2019,,,,0.51
10/29/2019,,,,0.55
10/30/2019,,,,0.6
10/31/2019,,,,0.71
11/1/2019,,,,0.53
11/4/2019,,,,0.54
11/5/2019,,,,0.58
11/6/2019,,,,0.63
11/7/2019,,,,0.54
11/8/2019,,,,0.59
11/11/2019,,,,0.61
11/12/2019,,,,0.59
11/13/2019,,,,0.58
11/14/2019,,,,0.47
11/15/2019,,,,0.49
11/18/2019,,,,0.55
11/19/2019,,,,0.58
11/20/2019,,,,0.64
11/21/2019,,,,0.59
11/22/2019,,,,0.58
11/25/2019,,,,0.63
11/26/2019,,,,0.57
11/27/2019,,,,0.58
11/29/2019,,,,0.59
12/2/2019,,,,0.66
12/3/2019,,,,0.7
12/4/2019,,,,0.54
12/5/2019,,,,0.65
12/6/2019,,,,0.53
12/9/2019,,,,0.64
12/10/2019,,,,0.76
12/11/2019,,,,0.52
12/12/2019,,,,0.45
12/13/2019,,,,0.55
12/16/2019,,,,0.61
12/17/2019,,,,0.53
12/18/2019,,,,0.49
12/19/2019,,,,0.54
12/20/2019,,,,0.46
12/23/2019,,,,0.54
12/24/2019,,,,0.52
12/26/2019,,,,0.43
12/27/2019,,,,0.6
12/30/2019,,,,0.59
12/31/2019,,,,0.56
1/2/2020,,,,0.54
1/3/2020,,,,0.55
1/6/2020,,,,0.54
1/7/2020,,,,0.44
1/8/2020,,,,0.47
1/9/2020,,,,0.49
1/10/2020,,,,0.52
1/13/2020,,,,0.47
1/14/2020,,,,0.47
1/15/2020,,,,0.44
1/16/2020,,,,0.47
1/17/2020,,,,0.48
1/21/2020,,,,0.59
1/22/2020,,,,0.52
1/23/2020,,,,0.54
1/24/2020,,,,0.7
1/27/2020,,,,0.64
1/28/2020,,,,0.55
1/29/2020,,,,0.5
1/30/2020,,,,0.61
1/31/2020,,,,0.74
2/3/2020,,,,0.5
2/4/2020,,,,0.46
2/5/2020,,,,0.51
2/6/2020,,,,0.47
2/7/2020,,,,0.56
2/10/2020,,,,0.46
2/11/2020,,,,0.45
2/12/2020,,,,0.48
2/13/2020,,,,0.55
2/14/2020,,,,0.58
2/18/2020,,,,0.51
2/19/2020,,,,0.45
2/20/2020,,,,0.51
2/21/2020,,,,0.73
2/24/2020,,,,0.7
2/25/2020,,,,0.8
2/26/2020,,,,0.65
2/27/2020,,,,0.86
2/28/2020,,,,0.85
3/2/2020,,,,0.76
3/3/2020,,,,0.73
3/4/2020,,,,0.64
3/5/2020,,,,0.78
3/6/2020,,,,0.89
3/9/2020,,,,1.12
3/10/2020,,,,0.75
3/11/2020,,,,1.02
3/12/2020,,,,1.28
3/13/2020,,,,1
3/16/2020,,,,1.1
3/17/2020,,,,0.86
3/18/2020,,,,0.98
3/19/2020,,,,0.88
3/20/2020,,,,0.83
3/23/2020,,,,0.62
3/24/2020,,,,0.63
3/25/2020,,,,0.65
3/26/2020,,,,0.58
3/27/2020,,,,0.7
3/30/2020,,,,0.68
3/31/2020,,,,0.7
4/1/2020,,,,0.86
4/2/2020,,,,0.82
4/3/2020,,,,0.83
4/6/2020,,,,0.69
4/7/2020,,,,0.65
4/8/2020,,,,0.65
4/9/2020,,,,0.65
4/13/2020,,,,0.65
4/14/2020,,,,0.58
4/15/2020,,,,0.7
4/16/2020,,,,0.59
4/17/2020,,,,0.6
4/20/2020,,,,0.55
4/21/2020,,,,0.69
4/22/2020,,,,0.66
4/23/2020,,,,0.59
4/24/2020,,,,0.6
4/27/2020,,,,0.58
4/28/2020,,,,0.56
4/29/2020,,,,0.53
4/30/2020,,,,0.68
5/1/2020,,,,0.82
5/4/2020,,,,0.69
5/5/2020,,,,0.59
5/6/2020,,,,0.59
5/7/2020,,,,0.59
5/8/2020,,,,0.53
5/11/2020,,,,0.5
5/12/2020,,,,0.6
5/13/2020,,,,0.72
5/14/2020,,,,0.64
5/15/2020,,,,0.57
5/18/2020,,,,0.47
5/19/2020,,,,0.46
5/20/2020,,,,0.49
5/21/2020,,,,0.55
5/22/2020,,,,0.57
5/26/2020,,,,0.5
5/27/2020,,,,0.51
5/28/2020,,,,0.54
5/29/2020,,,,0.58
6/1/2020,,,,0.46
6/2/2020,,,,0.47
6/3/2020,,,,0.4
6/4/2020,,,,0.43
6/5/2020,,,,0.41
6/8/2020,,,,0.37
6/9/2020,,,,0.4
6/10/2020,,,,0.45
6/11/2020,,,,0.7
6/12/2020,,,,0.71
6/15/2020,,,,0.51
6/16/2020,,,,0.45
6/17/2020,,,,0.51
6/18/2020,,,,0.5
6/19/2020,,,,0.57
6/22/2020,,,,0.47
6/23/2020,,,,0.45
6/24/2020,,,,0.63
6/25/2020,,,,0.54
6/26/2020,,,,0.74
6/29/2020,,,,0.55
6/30/2020,,,,0.52
7/1/2020,,,,0.46
7/2/2020,,,,0.51
7/6/2020,,,,0.42
7/7/2020,,,,0.45
7/8/2020,,,,0.4
7/9/2020,,,,0.44
7/10/2020,,,,0.46
7/13/2020,,,,0.41
7/14/2020,,,,0.43
7/15/2020,,,,0.38
7/16/2020,,,,0.47
7/17/2020,,,,0.46
7/20/2020,,,,0.45
7/21/2020,,,,0.39
7/22/2020,,,,0.49
7/23/2020,,,,0.53
7/24/2020,,,,0.6
7/27/2020,,,,0.44
7/28/2020,,,,0.5
7/29/2020,,,,0.51
7/30/2020,,,,0.55
7/31/2020,,,,0.54
8/3/2020,,,,0.44
8/4/2020,,,,0.42
8/5/2020,,,,0.41
8/6/2020,,,,0.42
8/7/2020,,,,0.51
8/10/2020,,,,0.41
8/11/2020,,,,0.45
8/12/2020,,,,0.47
8/13/2020,,,,0.46
8/14/2020,,,,0.54
8/17/2020,,,,0.49
8/18/2020,,,,0.46
8/19/2020,,,,0.43
8/20/2020,,,,0.46
8/21/2020,,,,0.45
8/24/2020,,,,0.42
8/25/2020,,,,0.42
8/26/2020,,,,0.39
8/27/2020,,,,0.38
8/28/2020,,,,0.42
8/31/2020,,,,0.45
9/1/2020,,,,0.4
9/2/2020,,,,0.4
9/3/2020,,,,0.58
9/4/2020,,,,0.67
9/8/2020,,,,0.57
9/9/2020,,,,0.62
9/10/2020,,,,0.54
9/11/2020,,,,0.67
9/14/2020,,,,0.49
9/15/2020,,,,0.46
9/16/2020,,,,0.51
9/17/2020,,,,0.58
9/18/2020,,,,0.63
9/21/2020,,,,0.49
9/22/2020,,,,0.55
9/23/2020,,,,0.51
9/24/2020,,,,0.63
9/25/2020,,,,0.56
9/28/2020,,,,0.45
9/29/2020,,,,0.49
9/30/2020,,,,0.45
10/1/2020,,,,0.5
10/2/2020,,,,0.54
10/5/2020,,,,0.49
10/6/2020,,,,0.46
10/7/2020,,,,0.42
10/8/2020,,,,0.39
10/9/2020,,,,0.44
10/12/2020,,,,0.41
10/13/2020,,,,0.39
10/14/2020,,,,0.47
10/15/2020,,,,0.46
10/16/2020,,,,0.45
10/19/2020,,,,0.43
10/20/2020,,,,0.52
10/21/2020,,,,0.5
10/22/2020,,,,0.48
10/23/2020,,,,0.53
10/26/2020,,,,0.59
10/27/2020,,,,0.48
10/28/2020,,,,0.65
10/29/2020,,,,0.52
10/30/2020,,,,0.77
11/2/2020,,,,0.62
11/3/2020,,,,0.45
11/4/2020,,,,0.45
11/5/2020,,,,0.44
11/6/2020,,,,0.41
11/9/2020,,,,0.37
11/10/2020,,,,0.52
11/11/2020,,,,0.46
11/12/2020,,,,0.52
11/13/2020,,,,0.5
11/16/2020,,,,0.43
11/17/2020,,,,0.49
11/18/2020,,,,0.42
11/19/2020,,,,0.46
11/20/2020,,,,0.4
11/23/2020,,,,0.42
11/24/2020,,,,0.38
11/25/2020,,,,0.4
11/27/2020,,,,0.41
11/30/2020,,,,0.43
12/1/2020,,,,0.37
12/2/2020,,,,0.4
12/3/2020,,,,0.35
12/4/2020,,,,0.39
12/7/2020,,,,0.37
12/8/2020,,,,0.38
12/9/2020,,,,0.42
12/10/2020,,,,0.4
12/11/2020,,,,0.5
12/14/2020,,,,0.42
12/15/2020,,,,0.43
12/16/2020,,,,0.42
12/17/2020,,,,0.37
12/18/2020,,,,0.46
12/21/2020,,,,0.47
12/22/2020,,,,0.37
12/23/2020,,,,0.41
12/24/2020,,,,0.54
12/28/2020,,,,0.44
12/29/2020,,,,0.45
12/30/2020,,,,0.47
12/31/2020,,,,0.56
1/4/2021,,,,0.47
1/5/2021,,,,0.45
1/6/2021,,,,0.39
1/7/2021,,,,0.38
1/8/2021,,,,0.44
1/11/2021,,,,0.41
1/12/2021,,,,0.34
1/13/2021,,,,0.34
1/14/2021,,,,0.36
1/15/2021,,,,0.45
1/19/2021,,,,0.37
1/20/2021,,,,0.4
1/21/2021,,,,0.4
1/22/2021,,,,0.4
1/25/2021,,,,0.38
1/26/2021,,,,0.4
1/27/2021,,,,0.4
1/28/2021,,,,0.4
1/29/2021,,,,0.58
2/1/2021,,,,0.42
2/2/2021,,,,0.4
2/3/2021,,,,0.43
2/4/2021,,,,0.41
2/5/2021,,,,0.42
2/8/2021,,,,0.39
2/9/2021,,,,0.36
2/10/2021,,,,0.37
2/11/2021,,,,0.38
2/12/2021,,,,0.45
2/16/2021,,,,0.42
2/17/2021,,,,0.39
2/18/2021,,,,0.51
2/19/2021,,,,0.43
2/22/2021,,,,0.43
2/23/2021,,,,0.44
2/24/2021,,,,0.35
2/25/2021,,,,0.47
2/26/2021,,,,0.63
3/1/2021,,,,0.38
3/2/2021,,,,0.44
3/3/2021,,,,0.48
3/4/2021,,,,0.54
3/5/2021,,,,0.6
3/8/2021,,,,0.46
3/9/2021,,,,0.42
3/10/2021,,,,0.42
3/11/2021,,,,0.44
3/12/2021,,,,0.44
3/15/2021,,,,0.38
3/16/2021,,,,0.43
3/17/2021,,,,0.44
3/18/2021,,,,0.47
3/19/2021,,,,0.51
3/22/2021,,,,0.39
3/23/2021,,,,0.44
3/24/2021,,,,0.57
3/25/2021,,,,0.58
3/26/2021,,,,0.58
3/29/2021,,,,0.51
3/30/2021,,,,0.48
3/31/2021,,,,0.42
4/1/2021,,,,0.42
4/5/2021,,,,0.38
4/6/2021,,,,0.41
4/7/2021,,,,0.47
4/8/2021,,,,0.45
4/9/2021,,,,0.5
4/12/2021,,,,0.48
4/13/2021,,,,0.44
4/14/2021,,,,0.43
4/15/2021,,,,0.48
4/16/2021,,,,0.44
4/19/2021,,,,0.45
4/20/2021,,,,0.48
4/21/2021,,,,0.43
4/22/2021,,,,0.52
4/23/2021,,,,0.55
4/26/2021,,,,0.43
4/27/2021,,,,0.5
4/28/2021,,,,0.43
4/29/2021,,,,0.47
4/30/2021,,,,0.59
5/3/2021,,,,0.51
5/4/2021,,,,0.56
5/5/2021,,,,0.46
5/6/2021,,,,0.57
5/7/2021,,,,0.51
5/10/2021,,,,0.59
5/11/2021,,,,0.57
5/12/2021,,,,0.63
5/13/2021,,,,0.63
5/14/2021,,,,0.54
5/17/2021,,,,0.55
5/18/2021,,,,0.48
5/19/2021,,,,0.58
5/20/2021,,,,0.48
5/21/2021,,,,0.53
5/24/2021,,,,0.41
5/25/2021,,,,0.49
5/26/2021,,,,0.44
5/27/2021,,,,0.41
5/28/2021,,,,0.45
6/1/2021,,,,0.42
6/2/2021,,,,0.43
6/3/2021,,,,0.41
6/4/2021,,,,0.44
6/7/2021,,,,0.43
6/8/2021,,,,0.35
6/9/2021,,,,0.36
6/10/2021,,,,0.43
6/11/2021,,,,0.48
6/14/2021,,,,0.36
6/15/2021,,,,0.45
6/16/2021,,,,0.55
6/17/2021,,,,0.49
6/18/2021,,,,0.56
6/21/2021,,,,0.42
6/22/2021,,,,0.47
6/23/2021,,,,0.39
6/24/2021,,,,0.4
6/25/2021,,,,0.48
6/28/2021,,,,0.42
6/29/2021,,,,0.43
6/30/2021,,,,0.4
7/1/2021,,,,0.44
7/2/2021,,,,0.51
7/6/2021,,,,0.51
7/7/2021,,,,0.52
7/8/2021,,,,0.59
7/9/2021,,,,0.53
7/12/2021,,,,0.49
7/13/2021,,,,0.48
7/14/2021,,,,0.49
7/15/2021,,,,0.59
7/16/2021,,,,0.69
7/19/2021,,,,0.53
7/20/2021,,,,0.44
7/21/2021,,,,0.46
7/22/2021,,,,0.57
7/23/2021,,,,0.61
7/26/2021,,,,0.54
7/27/2021,,,,0.59
7/28/2021,,,,0.52
7/29/2021,,,,0.48
7/30/2021,,,,0.56
8/2/2021,,,,0.51
8/3/2021,,,,0.47
8/4/2021,,,,0.52
8/5/2021,,,,0.52
8/6/2021,,,,0.55
8/9/2021,,,,0.49
8/10/2021,,,,0.43
8/11/2021,,,,0.52
8/12/2021,,,,0.53
8/13/2021,,,,0.57
8/16/2021,,,,0.54
8/17/2021,,,,0.58
8/18/2021,,,,0.52
8/19/2021,,,,0.61
8/20/2021,,,,0.57
8/23/2021,,,,0.41
8/24/2021,,,,0.39
8/25/2021,,,,0.42
8/26/2021,,,,0.55
8/27/2021,,,,0.48
8/30/2021,,,,0.42
8/31/2021,,,,0.46
9/1/2021,,,,0.45
9/2/2021,,,,0.42
9/3/2021,,,,0.5
9/7/2021,,,,0.43
9/8/2021,,,,0.42
9/9/2021,,,,0.47
9/10/2021,,,,0.53
9/13/2021,,,,0.46
9/14/2021,,,,0.55
9/15/2021,,,,0.49
9/16/2021,,,,0.49
9/17/2021,,,,0.56
9/20/2021,,,,0.54
9/21/2021,,,,0.44
9/22/2021,,,,0.48
9/23/2021,,,,0.43
9/24/2021,,,,0.57
9/27/2021,,,,0.43
9/28/2021,,,,0.55
9/29/2021,,,,0.51
9/30/2021,,,,0.58
10/1/2021,,,,0.56
10/4/2021,,,,0.59
10/5/2021,,,,0.45
10/6/2021,,,,0.48
10/7/2021,,,,0.52
10/8/2021,,,,0.55
10/11/2021,,,,0.5
10/12/2021,,,,0.41
10/13/2021,,,,0.48
10/14/2021,,,,0.45
10/15/2021,,,,0.48
10/18/2021,,,,0.42
10/19/2021,,,,0.4
10/20/2021,,,,0.42
10/21/2021,,,,0.44
10/22/2021,,,,0.53
10/25/2021,,,,0.41
10/26/2021,,,,0.43
10/27/2021,,,,0.51
10/28/2021,,,,0.36
10/29/2021,,,,0.46
11/1/2021,,,,0.4
11/2/2021,,,,0.37
11/3/2021,,,,0.39
11/4/2021,,,,0.39
11/5/2021,,,,0.44
11/8/2021,,,,0.36
11/9/2021,,,,0.44
11/10/2021,,,,0.48
11/11/2021,,,,0.44
11/12/2021,,,,0.47
11/15/2021,,,,0.42
11/16/2021,,,,0.44
11/17/2021,,,,0.45
11/18/2021,,,,0.45
11/19/2021,,,,0.42
11/22/2021,,,,0.4
11/23/2021,,,,0.53
11/24/2021,,,,0.5
11/26/2021,,,,0.56
11/29/2021,,,,0.42
11/30/2021,,,,0.48
12/1/2021,,,,0.52
12/2/2021,,,,0.62
12/3/2021,,,,0.74
12/6/2021,,,,0.54
12/7/2021,,,,0.43
12/8/2021,,,,0.45
12/9/2021,,,,0.53
12/10/2021,,,,0.61
12/13/2021,,,,0.56
12/14/2021,,,,0.6
12/15/2021,,,,0.59
12/16/2021,,,,0.55
12/17/2021,,,,0.59
12/20/2021,,,,0.47
12/21/2021,,,,0.49
12/22/2021,,,,0.47
12/23/2021,,,,0.49
12/27/2021,,,,0.45
12/28/2021,,,,0.46
12/29/2021,,,,0.55
12/30/2021,,,,0.49
12/31/2021,,,,0.55
1/3/2022,,,,0.43
1/4/2022,,,,0.47
1/5/2022,,,,0.57
