Date,Open,High,Low,Close
4/1/2011,,,,17.4
4/4/2011,,,,17.5
4/5/2011,,,,17.25
4/6/2011,,,,16.9
4/7/2011,,,,17.11
4/8/2011,,,,17.87
4/11/2011,,,,16.59
4/12/2011,,,,17.09
4/13/2011,,,,16.92
4/14/2011,,,,16.27
4/15/2011,,,,15.32
4/18/2011,,,,16.96
4/19/2011,,,,15.83
4/20/2011,,,,15.07
4/21/2011,,,,14.69
4/25/2011,,,,15.77
4/26/2011,,,,15.62
4/27/2011,,,,15.35
4/28/2011,,,,14.62
4/29/2011,,,,14.75
5/2/2011,,,,15.99
5/3/2011,,,,16.7
5/4/2011,,,,17.08
5/5/2011,,,,18.2
5/6/2011,,,,18.4
5/9/2011,,,,17.16
5/10/2011,,,,15.91
5/11/2011,,,,16.95
5/12/2011,,,,16.03
5/13/2011,,,,17.07
5/16/2011,,,,18.24
5/17/2011,,,,17.55
5/18/2011,,,,16.23
5/19/2011,,,,15.52
5/20/2011,,,,17.43
5/23/2011,,,,18.27
5/24/2011,,,,17.82
5/25/2011,,,,17.07
5/26/2011,,,,16.09
5/27/2011,,,,15.98
5/31/2011,,,,15.45
6/1/2011,,,,18.3
6/2/2011,,,,18.09
6/3/2011,,,,17.95
6/6/2011,,,,18.49
6/7/2011,,,,18.07
6/8/2011,,,,18.79
6/9/2011,,,,17.77
6/10/2011,,,,18.86
6/13/2011,,,,19.61
6/14/2011,,,,18.26
6/15/2011,,,,21.32
6/16/2011,,,,22.73
6/17/2011,,,,21.85
6/20/2011,,,,19.99
6/21/2011,,,,18.86
6/22/2011,,,,18.52
6/23/2011,,,,19.29
6/24/2011,,,,21.1
6/27/2011,,,,20.56
6/28/2011,,,,19.17
6/29/2011,,,,17.27
6/30/2011,,,,16.52
7/1/2011,,,,15.87
7/5/2011,,,,16.06
7/6/2011,,,,16.34
7/7/2011,,,,15.95
7/8/2011,,,,15.95
7/11/2011,,,,18.39
7/12/2011,,,,19.87
7/13/2011,,,,19.91
7/14/2011,,,,20.8
7/15/2011,,,,19.53
7/18/2011,,,,20.95
7/19/2011,,,,19.21
7/20/2011,,,,19.09
7/21/2011,,,,17.56
7/22/2011,,,,17.52
7/25/2011,,,,19.35
7/26/2011,,,,20.23
7/27/2011,,,,22.98
7/28/2011,,,,23.74
7/29/2011,,,,25.25
8/1/2011,,,,23.66
8/2/2011,,,,24.79
8/3/2011,,,,23.38
8/4/2011,,,,31.66
8/5/2011,,,,32
8/8/2011,,,,48
8/9/2011,,,,35.06
8/10/2011,,,,42.99
8/11/2011,,,,39
8/12/2011,,,,36.36
8/15/2011,,,,31.87
8/16/2011,,,,32.85
8/17/2011,,,,31.58
8/18/2011,,,,42.67
8/19/2011,,,,43.05
8/22/2011,,,,42.44
8/23/2011,,,,36.27
8/24/2011,,,,35.9
8/25/2011,,,,39.76
8/26/2011,,,,35.59
8/29/2011,,,,32.28
8/30/2011,,,,32.89
8/31/2011,,,,31.62
9/1/2011,,,,31.82
9/2/2011,,,,33.92
9/6/2011,,,,37
9/7/2011,,,,33.38
9/8/2011,,,,34.32
9/9/2011,,,,38.52
9/12/2011,,,,38.59
9/13/2011,,,,36.91
9/14/2011,,,,34.6
9/15/2011,,,,31.97
9/16/2011,,,,30.98
9/19/2011,,,,32.73
9/20/2011,,,,32.86
9/21/2011,,,,37.32
9/22/2011,,,,41.35
9/23/2011,,,,41.25
9/26/2011,,,,39.02
9/27/2011,,,,37.71
9/28/2011,,,,41.08
9/29/2011,,,,38.84
9/30/2011,,,,42.96
10/3/2011,,,,45.45
10/4/2011,,,,40.82
10/5/2011,,,,37.81
10/6/2011,,,,36.27
10/7/2011,,,,36.2
10/10/2011,,,,33.02
10/11/2011,,,,32.86
10/12/2011,,,,31.26
10/13/2011,,,,30.7
10/14/2011,,,,28.24
10/17/2011,,,,33.39
10/18/2011,,,,31.56
10/19/2011,,,,34.44
10/20/2011,,,,34.78
10/21/2011,,,,31.32
10/24/2011,,,,29.26
10/25/2011,,,,32.22
10/26/2011,,,,29.86
10/27/2011,,,,25.46
10/28/2011,,,,24.53
10/31/2011,,,,29.96
11/1/2011,,,,34.77
11/2/2011,,,,32.74
11/3/2011,,,,30.5
11/4/2011,,,,30.16
11/7/2011,,,,29.85
11/8/2011,,,,27.48
11/9/2011,,,,36.16
11/10/2011,,,,32.81
11/11/2011,,,,30.04
11/14/2011,,,,31.13
11/15/2011,,,,31.22
11/16/2011,,,,33.51
11/17/2011,,,,34.51
11/18/2011,,,,32
11/21/2011,,,,32.91
11/22/2011,,,,31.97
11/23/2011,,,,33.98
11/25/2011,,,,34.47
11/28/2011,,,,32.13
11/29/2011,,,,30.64
11/30/2011,,,,27.8
12/1/2011,,,,27.41
12/2/2011,,,,27.52
12/5/2011,,,,27.84
12/6/2011,,,,28.13
12/7/2011,,,,28.67
12/8/2011,,,,30.59
12/9/2011,,,,26.38
12/12/2011,,,,25.67
12/13/2011,,,,25.41
12/14/2011,,,,26.04
12/15/2011,,,,25.11
12/16/2011,,,,24.29
12/19/2011,,,,24.92
12/20/2011,,,,23.22
12/21/2011,,,,21.43
12/22/2011,,,,21.16
12/23/2011,,,,20.73
12/27/2011,,,,21.91
12/28/2011,,,,23.52
12/29/2011,,,,22.65
12/30/2011,,,,23.4
1/3/2012,,,,22.97
1/4/2012,,,,22.22
1/5/2012,,,,21.48
1/6/2012,,,,20.63
1/9/2012,,,,21.07
1/10/2012,,,,20.69
1/11/2012,,,,21.05
1/12/2012,,,,20.47
1/13/2012,,,,20.91
1/17/2012,,,,22.2
1/18/2012,,,,20.89
1/19/2012,,,,19.87
1/20/2012,,,,18.28
1/23/2012,,,,18.67
1/24/2012,,,,18.91
1/25/2012,,,,18.31
1/26/2012,,,,18.57
1/27/2012,,,,18.53
1/30/2012,,,,19.4
1/31/2012,,,,19.44
2/1/2012,,,,18.55
2/2/2012,,,,17.98
2/3/2012,,,,17.1
2/6/2012,,,,17.76
2/7/2012,,,,17.65
2/8/2012,,,,18.16
2/9/2012,,,,18.63
2/10/2012,,,,20.79
2/13/2012,,,,19.04
2/14/2012,,,,19.54
2/15/2012,,,,21.14
2/16/2012,,,,19.22
2/17/2012,,,,17.78
2/21/2012,,,,18.19
2/22/2012,,,,18.19
2/23/2012,,,,16.8
2/24/2012,,,,17.31
2/27/2012,,,,18.19
2/28/2012,,,,17.96
2/29/2012,,,,18.43
3/1/2012,,,,17.26
3/2/2012,,,,17.29
3/5/2012,,,,18.05
3/6/2012,,,,20.87
3/7/2012,,,,19.07
3/8/2012,,,,17.95
3/9/2012,,,,17.11
3/12/2012,,,,15.64
3/13/2012,,,,14.8
3/14/2012,,,,15.31
3/15/2012,,,,15.42
3/16/2012,,,,14.47
3/19/2012,,,,15.04
3/20/2012,,,,15.58
3/21/2012,,,,15.13
3/22/2012,,,,15.57
3/23/2012,,,,14.82
3/26/2012,,,,14.26
3/27/2012,,,,15.59
3/28/2012,,,,15.47
3/29/2012,,,,15.48
3/30/2012,,,,15.5
4/2/2012,,,,15.64
4/3/2012,,,,15.66
4/4/2012,,,,16.44
4/5/2012,,,,16.7
4/9/2012,,,,18.81
4/10/2012,,,,20.39
4/11/2012,,,,20.02
4/12/2012,,,,17.2
4/13/2012,,,,19.55
4/16/2012,,,,19.55
4/17/2012,,,,18.46
4/18/2012,,,,18.64
4/19/2012,,,,18.36
4/20/2012,,,,17.44
4/23/2012,,,,18.97
4/24/2012,,,,18.1
4/25/2012,,,,16.82
4/26/2012,,,,16.24
4/27/2012,,,,16.32
4/30/2012,,,,17.15
5/1/2012,,,,16.6
5/2/2012,,,,16.88
5/3/2012,,,,17.56
5/4/2012,,,,19.16
5/7/2012,,,,18.94
5/8/2012,,,,19.05
5/9/2012,,,,20.08
5/10/2012,,,,18.83
5/11/2012,,,,19.89
5/14/2012,,,,21.87
5/15/2012,,,,21.97
5/16/2012,,,,22.27
5/17/2012,,,,24.49
5/18/2012,,,,25.1
5/21/2012,,,,22.01
5/22/2012,,,,22.48
5/23/2012,,,,22.33
5/24/2012,,,,21.54
5/25/2012,,,,21.76
5/29/2012,,,,21.03
5/30/2012,,,,24.14
5/31/2012,,,,24.06
6/1/2012,,,,26.66
6/4/2012,,,,26.12
6/5/2012,,,,24.68
6/6/2012,,,,22.16
6/7/2012,,,,21.72
6/8/2012,,,,21.23
6/11/2012,,,,23.56
6/12/2012,,,,22.09
6/13/2012,,,,24.27
6/14/2012,,,,21.68
6/15/2012,,,,21.11
6/18/2012,,,,18.32
6/19/2012,,,,18.38
6/20/2012,,,,17.24
6/21/2012,,,,20.08
6/22/2012,,,,18.11
6/25/2012,,,,20.38
6/26/2012,,,,19.72
6/27/2012,,,,19.45
6/28/2012,,,,19.71
6/29/2012,,,,17.08
7/2/2012,,,,16.74
7/3/2012,,,,16.66
7/5/2012,,,,17.5
7/6/2012,,,,17.1
7/9/2012,,,,17.98
7/10/2012,,,,18.72
7/11/2012,,,,17.95
7/12/2012,,,,18.33
7/13/2012,,,,16.74
7/16/2012,,,,17.11
7/17/2012,,,,16.48
7/18/2012,,,,16.16
7/19/2012,,,,15.45
7/20/2012,,,,16.27
7/23/2012,,,,18.62
7/24/2012,,,,20.47
7/25/2012,,,,19.34
7/26/2012,,,,17.53
7/27/2012,,,,16.7
7/30/2012,,,,18.03
7/31/2012,,,,18.93
8/1/2012,,,,18.96
8/2/2012,,,,17.57
8/3/2012,,,,15.64
8/6/2012,,,,15.95
8/7/2012,,,,15.99
8/8/2012,,,,15.32
8/9/2012,,,,15.28
8/10/2012,,,,14.74
8/13/2012,,,,13.7
8/14/2012,,,,14.85
8/15/2012,,,,14.63
8/16/2012,,,,14.29
8/17/2012,,,,13.45
8/20/2012,,,,14.02
8/21/2012,,,,15.02
8/22/2012,,,,15.11
8/23/2012,,,,15.96
8/24/2012,,,,15.18
8/27/2012,,,,16.35
8/28/2012,,,,16.49
8/29/2012,,,,17.06
8/30/2012,,,,17.83
8/31/2012,,,,17.47
9/4/2012,,,,17.98
9/5/2012,,,,17.74
9/6/2012,,,,15.6
9/7/2012,,,,14.38
9/10/2012,,,,16.28
9/11/2012,,,,16.41
9/12/2012,,,,15.8
9/13/2012,,,,14.05
9/14/2012,,,,14.51
9/17/2012,,,,14.59
9/18/2012,,,,14.18
9/19/2012,,,,13.88
9/20/2012,,,,14.07
9/21/2012,,,,13.98
9/24/2012,,,,14.15
9/25/2012,,,,15.43
9/26/2012,,,,16.81
9/27/2012,,,,14.84
9/28/2012,,,,15.73
10/1/2012,,,,16.32
10/2/2012,,,,15.71
10/3/2012,,,,15.43
10/4/2012,,,,14.55
10/5/2012,,,,14.33
10/8/2012,,,,15.11
10/9/2012,,,,16.37
10/10/2012,,,,16.29
10/11/2012,,,,15.59
10/12/2012,,,,16.14
10/15/2012,,,,15.27
10/16/2012,,,,15.22
10/17/2012,,,,15.07
10/18/2012,,,,15.03
10/19/2012,,,,17.06
10/22/2012,,,,16.62
10/23/2012,,,,18.83
10/24/2012,,,,18.33
10/25/2012,,,,18.12
10/26/2012,,,,17.81
10/31/2012,,,,18.6
11/1/2012,,,,16.69
11/2/2012,,,,17.59
11/5/2012,,,,18.42
11/6/2012,,,,17.58
11/7/2012,,,,19.08
11/8/2012,,,,18.49
11/9/2012,,,,18.61
11/12/2012,,,,16.68
11/13/2012,,,,16.65
11/14/2012,,,,17.92
11/15/2012,,,,17.99
11/16/2012,,,,16.41
11/19/2012,,,,15.24
11/20/2012,,,,15.08
11/21/2012,,,,15.31
11/23/2012,,,,15.14
11/26/2012,,,,15.5
11/27/2012,,,,15.92
11/28/2012,,,,15.51
11/29/2012,,,,15.06
11/30/2012,,,,15.87
12/3/2012,,,,16.64
12/4/2012,,,,17.12
12/5/2012,,,,16.46
12/6/2012,,,,16.58
12/7/2012,,,,15.9
12/10/2012,,,,16.05
12/11/2012,,,,15.57
12/12/2012,,,,15.95
12/13/2012,,,,16.56
12/14/2012,,,,17
12/17/2012,,,,16.34
12/18/2012,,,,15.57
12/19/2012,,,,17.36
12/20/2012,,,,17.67
12/21/2012,,,,17.84
12/24/2012,,,,18.59
12/26/2012,,,,19.48
12/27/2012,,,,19.47
12/28/2012,,,,22.72
12/31/2012,,,,18.02
1/2/2013,,,,14.68
1/3/2013,,,,14.56
1/4/2013,,,,13.83
1/7/2013,,,,13.79
1/8/2013,,,,13.62
1/9/2013,,,,13.81
1/10/2013,,,,13.49
1/11/2013,,,,13.36
1/14/2013,,,,13.52
1/15/2013,,,,13.55
1/16/2013,,,,13.42
1/17/2013,,,,13.57
1/18/2013,,,,12.46
1/22/2013,,,,12.43
1/23/2013,,,,12.46
1/24/2013,,,,12.69
1/25/2013,,,,12.89
1/28/2013,,,,13.57
1/29/2013,,,,13.31
1/30/2013,,,,14.32
1/31/2013,,,,14.28
2/1/2013,,,,12.9
2/4/2013,,,,14.67
2/5/2013,,,,13.72
2/6/2013,,,,13.41
2/7/2013,,,,13.5
2/8/2013,,,,13.02
2/11/2013,,,,12.94
2/12/2013,,,,12.64
2/13/2013,,,,12.98
2/14/2013,,,,12.66
2/15/2013,,,,12.46
2/19/2013,,,,12.31
2/20/2013,,,,14.68
2/21/2013,,,,15.22
2/22/2013,,,,14.17
2/25/2013,,,,18.99
2/26/2013,,,,16.87
2/27/2013,,,,14.73
2/28/2013,,,,15.51
3/1/2013,,,,15.36
3/4/2013,,,,14.01
3/5/2013,,,,13.48
3/6/2013,,,,13.53
3/7/2013,,,,13.06
3/8/2013,,,,12.59
3/11/2013,,,,11.56
3/12/2013,,,,12.27
3/13/2013,,,,11.83
3/14/2013,,,,11.3
3/15/2013,,,,11.3
3/18/2013,,,,13.36
3/19/2013,,,,14.39
3/20/2013,,,,12.67
3/21/2013,,,,13.99
3/22/2013,,,,13.57
3/25/2013,,,,13.74
3/26/2013,,,,12.77
3/27/2013,,,,13.15
3/28/2013,,,,12.7
4/1/2013,,,,13.58
4/2/2013,,,,12.78
4/3/2013,,,,14.21
4/4/2013,,,,13.89
4/5/2013,,,,13.92
4/8/2013,,,,13.19
4/9/2013,,,,12.84
4/10/2013,,,,12.36
4/11/2013,,,,12.24
4/12/2013,,,,12.06
4/15/2013,,,,17.27
4/16/2013,,,,13.96
4/17/2013,,,,16.51
4/18/2013,,,,17.56
4/19/2013,,,,14.97
4/22/2013,,,,14.39
4/23/2013,,,,13.48
4/24/2013,,,,13.61
4/25/2013,,,,13.62
4/26/2013,,,,13.61
4/29/2013,,,,13.71
4/30/2013,,,,13.52
5/1/2013,,,,14.49
5/2/2013,,,,13.59
5/3/2013,,,,12.85
5/6/2013,,,,12.66
5/7/2013,,,,12.83
5/8/2013,,,,12.66
5/9/2013,,,,13.13
5/10/2013,,,,12.59
5/13/2013,,,,12.55
5/14/2013,,,,12.77
5/15/2013,,,,12.81
5/16/2013,,,,13.07
5/17/2013,,,,12.45
5/20/2013,,,,13.02
5/21/2013,,,,13.37
5/22/2013,,,,13.82
5/23/2013,,,,14.07
5/24/2013,,,,13.99
5/28/2013,,,,14.48
5/29/2013,,,,14.83
5/30/2013,,,,14.53
5/31/2013,,,,16.3
6/3/2013,,,,16.28
6/4/2013,,,,16.27
6/5/2013,,,,17.5
6/6/2013,,,,16.63
6/7/2013,,,,15.14
6/10/2013,,,,15.44
6/11/2013,,,,17.07
6/12/2013,,,,18.59
6/13/2013,,,,16.41
6/14/2013,,,,17.15
6/17/2013,,,,16.8
6/18/2013,,,,16.61
6/19/2013,,,,16.64
6/20/2013,,,,20.49
6/21/2013,,,,18.9
6/24/2013,,,,20.11
6/25/2013,,,,18.47
6/26/2013,,,,17.21
6/27/2013,,,,16.86
6/28/2013,,,,16.86
7/1/2013,,,,16.37
7/2/2013,,,,16.44
7/3/2013,,,,16.2
7/5/2013,,,,14.89
7/8/2013,,,,14.78
7/9/2013,,,,14.35
7/10/2013,,,,14.21
7/11/2013,,,,14.01
7/12/2013,,,,13.84
7/15/2013,,,,13.79
7/16/2013,,,,14.42
7/17/2013,,,,13.78
7/18/2013,,,,13.77
7/19/2013,,,,12.54
7/22/2013,,,,12.29
7/23/2013,,,,12.66
7/24/2013,,,,13.18
7/25/2013,,,,12.97
7/26/2013,,,,12.72
7/29/2013,,,,13.39
7/30/2013,,,,13.39
7/31/2013,,,,13.45
8/1/2013,,,,12.94
8/2/2013,,,,11.98
8/5/2013,,,,11.84
8/6/2013,,,,12.72
8/7/2013,,,,12.98
8/8/2013,,,,12.73
8/9/2013,,,,13.41
8/12/2013,,,,12.81
8/13/2013,,,,12.31
8/14/2013,,,,13.04
8/15/2013,,,,14.73
8/16/2013,,,,14.37
8/19/2013,,,,15.1
8/20/2013,,,,14.91
8/21/2013,,,,15.94
8/22/2013,,,,14.76
8/23/2013,,,,13.98
8/26/2013,,,,14.99
8/27/2013,,,,16.77
8/28/2013,,,,16.49
8/29/2013,,,,16.81
8/30/2013,,,,17.01
9/3/2013,,,,16.61
9/4/2013,,,,15.88
9/5/2013,,,,15.77
9/6/2013,,,,15.85
9/9/2013,,,,15.63
9/10/2013,,,,14.53
9/11/2013,,,,13.82
9/12/2013,,,,14.29
9/13/2013,,,,14.16
9/16/2013,,,,14.38
9/17/2013,,,,14.53
9/18/2013,,,,13.59
9/19/2013,,,,13.16
9/20/2013,,,,13.12
9/23/2013,,,,14.31
9/24/2013,,,,14.08
9/25/2013,,,,14.01
9/26/2013,,,,14.06
9/27/2013,,,,15.46
9/30/2013,,,,16.6
10/1/2013,,,,15.54
10/2/2013,,,,16.6
10/3/2013,,,,17.67
10/4/2013,,,,16.74
10/7/2013,,,,19.41
10/8/2013,,,,20.34
10/9/2013,,,,19.6
10/10/2013,,,,16.48
10/11/2013,,,,15.72
10/14/2013,,,,16.07
10/15/2013,,,,18.66
10/16/2013,,,,14.71
10/17/2013,,,,13.48
10/18/2013,,,,13.04
10/21/2013,,,,13.16
10/22/2013,,,,13.33
10/23/2013,,,,13.42
10/24/2013,,,,13.2
10/25/2013,,,,13.09
10/28/2013,,,,13.31
10/29/2013,,,,13.41
10/30/2013,,,,13.65
10/31/2013,,,,13.75
11/1/2013,,,,13.28
11/4/2013,,,,12.93
11/5/2013,,,,13.27
11/6/2013,,,,12.67
11/7/2013,,,,13.91
11/8/2013,,,,12.9
11/11/2013,,,,12.53
11/12/2013,,,,12.82
11/13/2013,,,,12.52
11/14/2013,,,,12.37
11/15/2013,,,,12.19
11/18/2013,,,,13.1
11/19/2013,,,,13.39
11/20/2013,,,,13.4
11/21/2013,,,,12.66
11/22/2013,,,,12.26
11/25/2013,,,,12.79
11/26/2013,,,,12.81
11/27/2013,,,,12.98
11/29/2013,,,,13.7
12/2/2013,,,,14.23
12/3/2013,,,,14.55
12/4/2013,,,,14.7
12/5/2013,,,,15.08
12/6/2013,,,,13.79
12/9/2013,,,,13.49
12/10/2013,,,,13.91
12/11/2013,,,,15.42
12/12/2013,,,,15.54
12/13/2013,,,,15.76
12/16/2013,,,,16.03
12/17/2013,,,,16.21
12/18/2013,,,,13.8
12/19/2013,,,,14.15
12/20/2013,,,,13.79
12/23/2013,,,,13.04
12/24/2013,,,,12.48
12/26/2013,,,,12.33
12/27/2013,,,,12.46
12/30/2013,,,,13.56
12/31/2013,,,,13.72
1/2/2014,,,,14.23
1/3/2014,,,,13.76
1/6/2014,,,,13.55
1/7/2014,,,,12.92
1/8/2014,,,,12.87
1/9/2014,,,,12.89
1/10/2014,,,,12.14
1/13/2014,,,,13.28
1/14/2014,,,,12.28
1/15/2014,,,,12.28
1/16/2014,,,,12.53
1/17/2014,,,,12.44
1/21/2014,,,,12.87
1/22/2014,,,,12.84
1/23/2014,,,,13.77
1/24/2014,,,,18.14
1/27/2014,,,,17.42
1/28/2014,,,,15.8
1/29/2014,,,,17.35
1/30/2014,,,,17.29
1/31/2014,,,,18.41
2/3/2014,,,,21.44
2/4/2014,,,,19.11
2/5/2014,,,,19.95
2/6/2014,,,,17.23
2/7/2014,,,,15.29
2/10/2014,,,,15.26
2/11/2014,,,,14.51
2/12/2014,,,,14.3
2/13/2014,,,,14.14
2/14/2014,,,,13.57
2/18/2014,,,,13.87
2/19/2014,,,,15.5
2/20/2014,,,,14.79
2/21/2014,,,,14.68
2/24/2014,,,,14.23
2/25/2014,,,,13.67
2/26/2014,,,,14.35
2/27/2014,,,,14.04
2/28/2014,,,,14
3/3/2014,,,,16
3/4/2014,,,,14.1
3/5/2014,,,,13.89
3/6/2014,,,,14.21
3/7/2014,,,,14.11
3/10/2014,,,,14.2
3/11/2014,,,,14.8
3/12/2014,,,,14.47
3/13/2014,,,,16.22
3/14/2014,,,,17.82
3/17/2014,,,,15.64
3/18/2014,,,,14.52
3/19/2014,,,,15.12
3/20/2014,,,,14.52
3/21/2014,,,,15
3/24/2014,,,,15.09
3/25/2014,,,,14.02
3/26/2014,,,,14.93
3/27/2014,,,,14.62
3/28/2014,,,,14.41
3/31/2014,,,,13.88
4/1/2014,,,,13.1
4/2/2014,,,,13.09
4/3/2014,,,,13.37
4/4/2014,,,,13.96
4/7/2014,,,,15.57
4/8/2014,,,,14.89
4/9/2014,,,,13.82
4/10/2014,,,,15.89
4/11/2014,,,,17.03
4/14/2014,,,,16.11
4/15/2014,,,,15.61
4/16/2014,,,,14.18
4/17/2014,,,,13.36
4/21/2014,,,,13.25
4/22/2014,,,,13.19
4/23/2014,,,,13.27
4/24/2014,,,,13.32
4/25/2014,,,,14.06
4/28/2014,,,,13.97
4/29/2014,,,,13.71
4/30/2014,,,,13.41
5/1/2014,,,,13.25
5/2/2014,,,,12.91
5/5/2014,,,,13.29
5/6/2014,,,,13.8
5/7/2014,,,,13.4
5/8/2014,,,,13.43
5/9/2014,,,,12.92
5/12/2014,,,,12.23
5/13/2014,,,,12.13
5/14/2014,,,,12.17
5/15/2014,,,,13.17
5/16/2014,,,,12.44
5/19/2014,,,,12.42
5/20/2014,,,,12.96
5/21/2014,,,,11.91
5/22/2014,,,,12.03
5/23/2014,,,,11.36
5/27/2014,,,,11.51
5/28/2014,,,,11.68
5/29/2014,,,,11.57
5/30/2014,,,,11.4
6/2/2014,,,,11.58
6/3/2014,,,,11.87
6/4/2014,,,,12.08
6/5/2014,,,,11.68
6/6/2014,,,,10.73
6/9/2014,,,,11.15
6/10/2014,,,,10.99
6/11/2014,,,,11.6
6/12/2014,,,,12.56
6/13/2014,,,,12.18
6/16/2014,,,,12.65
6/17/2014,,,,12.06
6/18/2014,,,,10.61
6/19/2014,,,,10.62
6/20/2014,,,,10.85
6/23/2014,,,,10.98
6/24/2014,,,,12.13
6/25/2014,,,,11.59
6/26/2014,,,,11.63
6/27/2014,,,,11.26
6/30/2014,,,,11.57
7/1/2014,,,,11.15
7/2/2014,,,,10.82
7/3/2014,,,,10.32
7/7/2014,,,,11.33
7/8/2014,,,,11.98
7/9/2014,,,,11.65
7/10/2014,,,,12.59
7/11/2014,,,,12.08
7/14/2014,,,,11.82
7/15/2014,,,,11.96
7/16/2014,,,,11
7/17/2014,,,,14.54
7/18/2014,,,,12.06
7/21/2014,,,,12.81
7/22/2014,,,,12.24
7/23/2014,,,,11.52
7/24/2014,,,,11.84
7/25/2014,,,,12.69
7/28/2014,,,,12.56
7/29/2014,,,,13.28
7/30/2014,,,,13.33
7/31/2014,,,,16.95
8/1/2014,,,,17.03
8/4/2014,,,,15.12
8/5/2014,,,,16.87
8/6/2014,,,,16.37
8/7/2014,,,,16.66
8/8/2014,,,,15.77
8/11/2014,,,,14.23
8/12/2014,,,,14.13
8/13/2014,,,,12.9
8/14/2014,,,,12.42
8/15/2014,,,,13.15
8/18/2014,,,,12.32
8/19/2014,,,,12.21
8/20/2014,,,,11.78
8/21/2014,,,,11.76
8/22/2014,,,,11.47
8/25/2014,,,,11.7
8/26/2014,,,,11.63
8/27/2014,,,,11.78
8/28/2014,,,,12.05
8/29/2014,,,,11.98
9/2/2014,,,,12.25
9/3/2014,,,,12.36
9/4/2014,,,,12.64
9/5/2014,,,,12.09
9/8/2014,,,,12.66
9/9/2014,,,,13.5
9/10/2014,,,,12.88
9/11/2014,,,,12.8
9/12/2014,,,,13.31
9/15/2014,,,,14.12
9/16/2014,,,,12.73
9/17/2014,,,,12.65
9/18/2014,,,,12.03
9/19/2014,,,,12.11
9/22/2014,,,,13.69
9/23/2014,,,,14.93
9/24/2014,,,,13.27
9/25/2014,,,,15.64
9/26/2014,,,,14.85
9/29/2014,,,,15.98
9/30/2014,,,,16.31
10/1/2014,,,,16.71
10/2/2014,,,,16.16
10/3/2014,,,,14.55
10/6/2014,,,,15.46
10/7/2014,,,,17.2
10/8/2014,,,,15.11
10/9/2014,,,,18.76
10/10/2014,,,,21.24
10/13/2014,,,,24.64
10/14/2014,,,,22.79
10/15/2014,,,,26.25
10/16/2014,,,,25.2
10/17/2014,,,,21.99
10/20/2014,,,,18.57
10/21/2014,,,,16.08
10/22/2014,,,,17.87
10/23/2014,,,,16.53
10/24/2014,,,,16.11
10/27/2014,,,,16.04
10/28/2014,,,,14.39
10/29/2014,,,,15.15
10/30/2014,,,,14.52
10/31/2014,,,,14.03
11/3/2014,,,,14.73
11/4/2014,,,,14.89
11/5/2014,,,,14.17
11/6/2014,,,,13.67
11/7/2014,,,,13.12
11/10/2014,,,,12.67
11/11/2014,,,,12.92
11/12/2014,,,,13.02
11/13/2014,,,,13.79
11/14/2014,,,,13.31
11/17/2014,,,,13.99
11/18/2014,,,,13.86
11/19/2014,,,,13.96
11/20/2014,,,,13.58
11/21/2014,,,,12.9
11/24/2014,,,,12.62
11/25/2014,,,,12.25
11/26/2014,,,,12.07
11/28/2014,,,,13.33
12/1/2014,,,,14.29
12/2/2014,,,,12.85
12/3/2014,,,,12.47
12/4/2014,,,,12.38
12/5/2014,,,,11.82
12/8/2014,,,,14.21
12/9/2014,,,,14.89
12/10/2014,,,,18.53
12/11/2014,,,,20.08
12/12/2014,,,,21.08
12/15/2014,,,,20.42
12/16/2014,,,,23.57
12/17/2014,,,,19.44
12/18/2014,,,,16.81
12/19/2014,,,,16.49
12/22/2014,,,,15.25
12/23/2014,,,,14.8
12/24/2014,,,,14.37
12/26/2014,,,,14.5
12/29/2014,,,,15.06
12/30/2014,,,,15.92
12/31/2014,,,,19.2
1/2/2015,,,,17.79
1/5/2015,,,,19.92
1/6/2015,,,,21.12
1/7/2015,,,,19.31
1/8/2015,,,,17.01
1/9/2015,,,,17.55
1/12/2015,,,,19.6
1/13/2015,,,,20.56
1/14/2015,,,,21.48
1/15/2015,,,,22.39
1/16/2015,,,,20.95
1/20/2015,,,,19.89
1/21/2015,,,,18.85
1/22/2015,,,,16.4
1/23/2015,,,,16.66
1/26/2015,,,,15.52
1/27/2015,,,,17.22
1/28/2015,,,,20.44
1/29/2015,,,,18.76
1/30/2015,,,,20.97
2/2/2015,,,,19.43
2/3/2015,,,,17.33
2/4/2015,,,,18.33
2/5/2015,,,,16.85
2/6/2015,,,,17.29
2/9/2015,,,,18.55
2/10/2015,,,,17.23
2/11/2015,,,,16.96
2/12/2015,,,,15.34
2/13/2015,,,,14.69
2/17/2015,,,,15.8
2/18/2015,,,,15.45
2/19/2015,,,,15.29
2/20/2015,,,,14.3
2/23/2015,,,,14.56
2/24/2015,,,,13.69
2/25/2015,,,,13.84
2/26/2015,,,,13.91
2/27/2015,,,,13.34
3/2/2015,,,,13.04
3/3/2015,,,,13.86
3/4/2015,,,,14.23
3/5/2015,,,,14.04
3/6/2015,,,,15.2
3/9/2015,,,,15.06
3/10/2015,,,,16.69
3/11/2015,,,,16.87
3/12/2015,,,,15.42
3/13/2015,,,,16
3/16/2015,,,,15.61
3/17/2015,,,,15.66
3/18/2015,,,,13.97
3/19/2015,,,,14.07
3/20/2015,,,,13.02
3/23/2015,,,,13.41
3/24/2015,,,,13.62
3/25/2015,,,,15.44
3/26/2015,,,,15.8
3/27/2015,,,,15.07
3/30/2015,,,,14.51
3/31/2015,,,,15.29
4/1/2015,,,,15.11
4/2/2015,,,,14.67
4/6/2015,,,,14.74
4/7/2015,,,,14.78
4/8/2015,,,,13.98
4/9/2015,,,,13.09
4/10/2015,,,,12.58
4/13/2015,,,,13.94
4/14/2015,,,,13.67
4/15/2015,,,,12.84
4/16/2015,,,,12.6
4/17/2015,,,,13.89
4/20/2015,,,,13.3
4/21/2015,,,,13.25
4/22/2015,,,,12.71
4/23/2015,,,,12.48
4/24/2015,,,,12.29
4/27/2015,,,,13.12
4/28/2015,,,,12.41
4/29/2015,,,,13.39
4/30/2015,,,,14.55
5/1/2015,,,,12.7
5/4/2015,,,,12.85
5/5/2015,,,,14.31
5/6/2015,,,,15.15
5/7/2015,,,,15.13
5/8/2015,,,,12.86
5/11/2015,,,,13.85
5/12/2015,,,,13.86
5/13/2015,,,,13.76
5/14/2015,,,,12.74
5/15/2015,,,,12.38
5/18/2015,,,,12.73
5/19/2015,,,,12.85
5/20/2015,,,,12.88
5/21/2015,,,,12.11
5/22/2015,,,,12.13
5/26/2015,,,,14.06
5/27/2015,,,,13.27
5/28/2015,,,,13.31
5/29/2015,,,,13.84
6/1/2015,,,,13.97
6/2/2015,,,,14.24
6/3/2015,,,,13.66
6/4/2015,,,,14.71
6/5/2015,,,,14.21
6/8/2015,,,,15.29
6/9/2015,,,,14.47
6/10/2015,,,,13.22
6/11/2015,,,,12.85
6/12/2015,,,,13.78
6/15/2015,,,,15.39
6/16/2015,,,,14.81
6/17/2015,,,,14.5
6/18/2015,,,,13.19
6/19/2015,,,,13.96
6/22/2015,,,,12.74
6/23/2015,,,,12.11
6/24/2015,,,,13.26
6/25/2015,,,,14.01
6/26/2015,,,,14.02
6/29/2015,,,,18.85
6/30/2015,,,,18.23
7/1/2015,,,,16.09
7/2/2015,,,,16.79
7/6/2015,,,,17.01
7/7/2015,,,,16.09
7/8/2015,,,,19.66
7/9/2015,,,,19.97
7/10/2015,,,,16.83
7/13/2015,,,,13.9
7/14/2015,,,,13.37
7/15/2015,,,,13.23
7/16/2015,,,,12.11
7/17/2015,,,,11.95
7/20/2015,,,,12.25
7/21/2015,,,,12.22
7/22/2015,,,,12.12
7/23/2015,,,,12.63
7/24/2015,,,,13.74
7/27/2015,,,,15.6
7/28/2015,,,,13.44
7/29/2015,,,,12.5
7/30/2015,,,,12.13
7/31/2015,,,,12.12
8/3/2015,,,,12.56
8/4/2015,,,,13
8/5/2015,,,,12.51
8/6/2015,,,,13.77
8/7/2015,,,,13.39
8/10/2015,,,,12.23
8/11/2015,,,,13.71
8/12/2015,,,,13.61
8/13/2015,,,,13.49
8/14/2015,,,,12.83
8/17/2015,,,,13.02
8/18/2015,,,,13.79
8/19/2015,,,,15.25
8/20/2015,,,,19.14
8/21/2015,,,,28.03
8/24/2015,,,,40.74
8/25/2015,,,,36.02
8/26/2015,,,,30.32
8/27/2015,,,,26.1
8/28/2015,,,,26.05
8/31/2015,,,,28.43
9/1/2015,,,,31.4
9/2/2015,,,,26.09
9/3/2015,,,,25.61
9/4/2015,,,,27.8
9/8/2015,,,,24.9
9/9/2015,,,,26.23
9/10/2015,,,,24.37
9/11/2015,,,,23.2
9/14/2015,,,,24.25
9/15/2015,,,,22.54
9/16/2015,,,,21.35
9/17/2015,,,,21.14
9/18/2015,,,,22.28
9/21/2015,,,,20.14
9/22/2015,,,,22.44
9/23/2015,,,,22.13
9/24/2015,,,,23.47
9/25/2015,,,,23.62
9/28/2015,,,,27.63
9/29/2015,,,,26.83
9/30/2015,,,,24.5
10/1/2015,,,,22.55
10/2/2015,,,,20.94
10/5/2015,,,,19.54
10/6/2015,,,,19.4
10/7/2015,,,,18.4
10/8/2015,,,,17.42
10/9/2015,,,,17.08
10/12/2015,,,,16.17
10/13/2015,,,,17.67
10/14/2015,,,,18.03
10/15/2015,,,,16.05
10/16/2015,,,,15.05
10/19/2015,,,,14.98
10/20/2015,,,,15.75
10/21/2015,,,,16.7
10/22/2015,,,,14.45
10/23/2015,,,,14.46
10/26/2015,,,,15.29
10/27/2015,,,,15.43
10/28/2015,,,,14.33
10/29/2015,,,,14.61
10/30/2015,,,,15.07
11/2/2015,,,,14.15
11/3/2015,,,,14.54
11/4/2015,,,,15.51
11/5/2015,,,,15.05
11/6/2015,,,,14.33
11/9/2015,,,,16.52
11/10/2015,,,,15.29
11/11/2015,,,,16.06
11/12/2015,,,,18.37
11/13/2015,,,,20.08
11/16/2015,,,,18.16
11/17/2015,,,,18.84
11/18/2015,,,,16.85
11/19/2015,,,,16.99
11/20/2015,,,,15.47
11/23/2015,,,,15.62
11/24/2015,,,,15.93
11/25/2015,,,,15.19
11/27/2015,,,,15.12
11/30/2015,,,,16.13
12/1/2015,,,,14.67
12/2/2015,,,,15.91
12/3/2015,,,,18.11
12/4/2015,,,,14.81
12/7/2015,,,,15.84
12/8/2015,,,,17.6
12/9/2015,,,,19.61
12/10/2015,,,,19.34
12/11/2015,,,,24.39
12/14/2015,,,,22.73
12/15/2015,,,,20.95
12/16/2015,,,,17.86
12/17/2015,,,,18.94
12/18/2015,,,,20.7
12/21/2015,,,,18.7
12/22/2015,,,,16.6
12/23/2015,,,,15.57
12/24/2015,,,,15.74
12/28/2015,,,,16.91
12/29/2015,,,,16.08
12/30/2015,,,,17.29
12/31/2015,,,,18.21
1/4/2016,,,,20.7
1/5/2016,,,,19.34
1/6/2016,,,,20.59
1/7/2016,,,,24.99
1/8/2016,,,,27.01
1/11/2016,,,,24.3
1/12/2016,,,,22.47
1/13/2016,,,,25.22
1/14/2016,,,,23.95
1/15/2016,,,,27.02
1/19/2016,,,,26.05
1/20/2016,,,,27.59
1/21/2016,,,,26.69
1/22/2016,,,,22.34
1/25/2016,,,,24.15
1/26/2016,,,,22.5
1/27/2016,,,,23.11
1/28/2016,,,,22.42
1/29/2016,,,,20.2
2/1/2016,,,,19.98
2/2/2016,,,,21.98
2/3/2016,,,,21.65
2/4/2016,,,,21.84
2/5/2016,,,,23.38
2/8/2016,,,,26
2/9/2016,,,,26.54
2/10/2016,,,,26.29
2/11/2016,,,,28.14
2/12/2016,,,,25.4
2/16/2016,,,,24.11
2/17/2016,,,,22.31
2/18/2016,,,,21.64
2/19/2016,,,,20.53
2/22/2016,,,,19.38
2/23/2016,,,,20.98
2/24/2016,,,,20.72
2/25/2016,,,,19.11
2/26/2016,,,,19.81
2/29/2016,,,,20.55
3/1/2016,,,,17.7
3/2/2016,,,,17.09
3/3/2016,,,,16.7
3/4/2016,,,,16.86
3/7/2016,,,,17.35
3/8/2016,,,,18.67
3/9/2016,,,,18.34
3/10/2016,,,,18.05
3/11/2016,,,,16.5
3/14/2016,,,,16.92
3/15/2016,,,,16.84
3/16/2016,,,,14.99
3/17/2016,,,,14.44
3/18/2016,,,,14.02
3/21/2016,,,,13.79
3/22/2016,,,,14.17
3/23/2016,,,,14.94
3/24/2016,,,,14.74
3/28/2016,,,,15.24
3/29/2016,,,,13.82
3/30/2016,,,,13.56
3/31/2016,,,,13.95
4/1/2016,,,,13.1
4/4/2016,,,,14.12
4/5/2016,,,,15.42
4/6/2016,,,,14.09
4/7/2016,,,,16.16
4/8/2016,,,,15.36
4/11/2016,,,,16.26
4/12/2016,,,,14.85
4/13/2016,,,,13.84
4/14/2016,,,,13.72
4/15/2016,,,,13.62
4/18/2016,,,,13.35
4/19/2016,,,,13.24
4/20/2016,,,,13.28
4/21/2016,,,,13.95
4/22/2016,,,,13.22
4/25/2016,,,,14.08
4/26/2016,,,,13.96
4/27/2016,,,,13.77
4/28/2016,,,,15.22
4/29/2016,,,,15.7
5/2/2016,,,,14.68
5/3/2016,,,,15.6
5/4/2016,,,,16.05
5/5/2016,,,,15.91
5/6/2016,,,,14.72
5/9/2016,,,,14.57
5/10/2016,,,,13.63
5/11/2016,,,,14.69
5/12/2016,,,,14.41
5/13/2016,,,,15.04
5/16/2016,,,,14.68
5/17/2016,,,,15.57
5/18/2016,,,,15.95
5/19/2016,,,,16.33
5/20/2016,,,,15.2
5/23/2016,,,,15.82
5/24/2016,,,,14.42
5/25/2016,,,,13.9
5/26/2016,,,,13.43
5/27/2016,,,,13.12
5/31/2016,,,,14.19
6/1/2016,,,,14.2
6/2/2016,,,,13.63
6/3/2016,,,,13.47
6/6/2016,,,,13.65
6/7/2016,,,,14.05
6/8/2016,,,,14.08
6/9/2016,,,,14.64
6/10/2016,,,,17.03
6/13/2016,,,,20.97
6/14/2016,,,,20.5
6/15/2016,,,,20.14
6/16/2016,,,,19.37
6/17/2016,,,,19.41
6/20/2016,,,,18.37
6/21/2016,,,,18.48
6/22/2016,,,,21.17
6/23/2016,,,,17.25
6/24/2016,,,,25.76
6/27/2016,,,,23.85
6/28/2016,,,,18.75
6/29/2016,,,,16.64
6/30/2016,,,,15.63
7/1/2016,,,,14.77
7/5/2016,,,,15.58
7/6/2016,,,,14.96
7/7/2016,,,,14.76
7/8/2016,,,,13.2
7/11/2016,,,,13.54
7/12/2016,,,,13.55
7/13/2016,,,,13.04
7/14/2016,,,,12.82
7/15/2016,,,,12.67
7/18/2016,,,,12.44
7/19/2016,,,,11.97
7/20/2016,,,,11.77
7/21/2016,,,,12.74
7/22/2016,,,,12.02
7/25/2016,,,,12.87
7/26/2016,,,,13.05
7/27/2016,,,,12.83
7/28/2016,,,,12.72
7/29/2016,,,,11.87
8/1/2016,,,,12.44
8/2/2016,,,,13.37
8/3/2016,,,,12.86
8/4/2016,,,,12.42
8/5/2016,,,,11.39
8/8/2016,,,,11.5
8/9/2016,,,,11.66
8/10/2016,,,,12.05
8/11/2016,,,,11.68
8/12/2016,,,,11.55
8/15/2016,,,,11.81
8/16/2016,,,,12.64
8/17/2016,,,,12.19
8/18/2016,,,,11.43
8/19/2016,,,,11.34
8/22/2016,,,,12.27
8/23/2016,,,,12.38
8/24/2016,,,,13.45
8/25/2016,,,,13.63
8/26/2016,,,,13.65
8/29/2016,,,,12.94
8/30/2016,,,,13.12
8/31/2016,,,,13.42
9/1/2016,,,,13.48
9/2/2016,,,,11.98
9/6/2016,,,,12.02
9/7/2016,,,,11.94
9/8/2016,,,,12.51
9/9/2016,,,,17.5
9/12/2016,,,,15.16
9/13/2016,,,,17.85
9/14/2016,,,,18.14
9/15/2016,,,,16.3
9/16/2016,,,,15.37
9/19/2016,,,,15.53
9/20/2016,,,,15.92
9/21/2016,,,,13.3
9/22/2016,,,,12.02
9/23/2016,,,,12.29
9/26/2016,,,,14.5
9/27/2016,,,,13.1
9/28/2016,,,,12.39
9/29/2016,,,,14.02
9/30/2016,,,,13.29
10/3/2016,,,,13.57
10/4/2016,,,,13.63
10/5/2016,,,,12.99
10/6/2016,,,,12.84
10/7/2016,,,,13.48
10/10/2016,,,,13.38
10/11/2016,,,,15.36
10/12/2016,,,,15.91
10/13/2016,,,,16.69
10/14/2016,,,,16.12
10/17/2016,,,,16.21
10/18/2016,,,,15.28
10/19/2016,,,,14.41
10/20/2016,,,,13.75
10/21/2016,,,,13.34
10/24/2016,,,,13.02
10/25/2016,,,,13.46
10/26/2016,,,,14.24
10/27/2016,,,,15.36
10/28/2016,,,,16.19
10/31/2016,,,,17.06
11/1/2016,,,,18.56
11/2/2016,,,,19.32
11/3/2016,,,,22.08
11/4/2016,,,,22.51
11/7/2016,,,,18.71
11/8/2016,,,,18.74
11/9/2016,,,,14.38
11/10/2016,,,,14.74
11/11/2016,,,,14.17
11/14/2016,,,,14.48
11/15/2016,,,,13.37
11/16/2016,,,,13.72
11/17/2016,,,,13.35
11/18/2016,,,,12.85
11/21/2016,,,,12.42
11/22/2016,,,,12.41
11/23/2016,,,,12.43
11/25/2016,,,,12.34
11/28/2016,,,,13.15
11/29/2016,,,,12.9
11/30/2016,,,,13.33
12/1/2016,,,,14.07
12/2/2016,,,,14.12
12/5/2016,,,,12.14
12/6/2016,,,,11.79
12/7/2016,,,,12.22
12/8/2016,,,,12.64
12/9/2016,,,,11.75
12/12/2016,,,,12.64
12/13/2016,,,,12.72
12/14/2016,,,,13.19
12/15/2016,,,,12.79
12/16/2016,,,,12.2
12/19/2016,,,,11.71
12/20/2016,,,,11.45
12/21/2016,,,,11.27
12/22/2016,,,,11.43
12/23/2016,,,,11.44
12/27/2016,,,,11.99
12/28/2016,,,,12.95
12/29/2016,,,,13.37
12/30/2016,,,,14.04
1/3/2017,,,,12.85
1/4/2017,,,,11.85
1/5/2017,,,,11.67
1/6/2017,,,,11.32
1/9/2017,,,,11.56
1/10/2017,,,,11.49
1/11/2017,,,,11.26
1/12/2017,,,,11.54
1/13/2017,,,,11.23
1/17/2017,,,,11.87
1/18/2017,,,,12.48
1/19/2017,,,,12.78
1/20/2017,,,,11.54
1/23/2017,,,,11.77
1/24/2017,,,,11.07
1/25/2017,,,,10.81
1/26/2017,,,,10.63
1/27/2017,,,,10.58
1/30/2017,,,,11.88
1/31/2017,,,,11.99
2/1/2017,,,,11.81
2/2/2017,,,,11.93
2/3/2017,,,,10.97
2/6/2017,,,,11.37
2/7/2017,,,,11.29
2/8/2017,,,,11.45
2/9/2017,,,,10.88
2/10/2017,,,,10.85
2/13/2017,,,,11.07
2/14/2017,,,,10.74
2/15/2017,,,,11.97
2/16/2017,,,,11.76
2/17/2017,,,,11.49
2/21/2017,,,,11.57
2/22/2017,,,,11.74
2/23/2017,,,,11.71
2/24/2017,,,,11.47
2/27/2017,,,,12.09
2/28/2017,,,,12.92
3/1/2017,,,,12.54
3/2/2017,,,,11.81
3/3/2017,,,,10.96
3/6/2017,,,,11.24
3/7/2017,,,,11.45
3/8/2017,,,,11.86
3/9/2017,,,,12.3
3/10/2017,,,,11.66
3/13/2017,,,,11.35
3/14/2017,,,,12.3
3/15/2017,,,,11.63
3/16/2017,,,,11.21
3/17/2017,,,,11.28
3/20/2017,,,,11.34
3/21/2017,,,,12.47
3/22/2017,,,,12.81
3/23/2017,,,,13.12
3/24/2017,,,,12.96
3/27/2017,,,,12.5
3/28/2017,,,,11.53
3/29/2017,,,,11.42
3/30/2017,,,,11.54
3/31/2017,,,,12.37
4/3/2017,,,,12.38
4/4/2017,,,,11.79
4/5/2017,,,,12.89
4/6/2017,,,,12.39
4/7/2017,,,,12.87
4/10/2017,,,,14.05
4/11/2017,,,,15.07
4/12/2017,,,,15.77
4/13/2017,,,,15.96
4/17/2017,,,,14.66
4/18/2017,,,,14.42
4/19/2017,,,,14.93
4/20/2017,,,,14.15
4/21/2017,,,,14.63
4/24/2017,,,,10.84
4/25/2017,,,,10.76
4/26/2017,,,,10.85
4/27/2017,,,,10.36
4/28/2017,,,,10.82
5/1/2017,,,,10.11
5/2/2017,,,,10.59
5/3/2017,,,,10.68
5/4/2017,,,,10.46
5/5/2017,,,,10.57
5/8/2017,,,,9.77
5/9/2017,,,,9.96
5/10/2017,,,,10.21
5/11/2017,,,,10.6
5/12/2017,,,,10.4
5/15/2017,,,,10.42
5/16/2017,,,,10.65
5/17/2017,,,,15.59
5/18/2017,,,,14.66
5/19/2017,,,,12.04
5/22/2017,,,,10.93
5/23/2017,,,,10.72
5/24/2017,,,,10.02
5/25/2017,,,,9.99
5/26/2017,,,,9.81
5/30/2017,,,,10.38
5/31/2017,,,,10.41
6/1/2017,,,,9.89
6/2/2017,,,,9.75
6/5/2017,,,,10.07
6/6/2017,,,,10.45
6/7/2017,,,,10.39
6/8/2017,,,,10.16
6/9/2017,,,,10.7
6/12/2017,,,,11.46
6/13/2017,,,,10.42
6/14/2017,,,,10.64
6/15/2017,,,,10.9
6/16/2017,,,,10.38
6/19/2017,,,,10.37
6/20/2017,,,,10.86
6/21/2017,,,,10.75
6/22/2017,,,,10.48
6/23/2017,,,,10.02
6/26/2017,,,,9.9
6/27/2017,,,,11.06
6/28/2017,,,,10.03
6/29/2017,,,,11.44
6/30/2017,,,,11.18
7/3/2017,,,,11.22
7/5/2017,,,,11.07
7/6/2017,,,,12.54
7/7/2017,,,,11.19
7/10/2017,,,,11.11
7/11/2017,,,,10.89
7/12/2017,,,,10.3
7/13/2017,,,,9.9
7/14/2017,,,,9.51
7/17/2017,,,,9.82
7/18/2017,,,,9.89
7/19/2017,,,,9.79
7/20/2017,,,,9.58
7/21/2017,,,,9.36
7/24/2017,,,,9.43
7/25/2017,,,,9.43
7/26/2017,,,,9.6
7/27/2017,,,,10.11
7/28/2017,,,,10.29
7/31/2017,,,,10.26
8/1/2017,,,,10.09
8/2/2017,,,,10.28
8/3/2017,,,,10.44
8/4/2017,,,,10.03
8/7/2017,,,,9.93
8/8/2017,,,,10.96
8/9/2017,,,,11.11
8/10/2017,,,,16.04
8/11/2017,,,,15.51
8/14/2017,,,,12.33
8/15/2017,,,,12.04
8/16/2017,,,,11.74
8/17/2017,,,,15.55
8/18/2017,,,,14.26
8/21/2017,,,,13.19
8/22/2017,,,,11.35
8/23/2017,,,,12.25
8/24/2017,,,,12.23
8/25/2017,,,,11.28
8/28/2017,,,,11.32
8/29/2017,,,,11.7
8/30/2017,,,,11.22
8/31/2017,,,,10.59
9/1/2017,,,,10.13
9/5/2017,,,,12.23
9/6/2017,,,,11.63
9/7/2017,,,,11.55
9/8/2017,,,,12.12
9/11/2017,,,,10.73
9/12/2017,,,,10.58
9/13/2017,,,,10.5
9/14/2017,,,,10.44
9/15/2017,,,,10.17
9/18/2017,,,,10.15
9/19/2017,,,,10.18
9/20/2017,,,,9.78
9/21/2017,,,,9.67
9/22/2017,,,,9.59
9/25/2017,,,,10.21
9/26/2017,,,,10.17
9/27/2017,,,,9.87
9/28/2017,,,,9.55
9/29/2017,,,,9.51
10/2/2017,,,,9.45
10/3/2017,,,,9.51
10/4/2017,,,,9.63
10/5/2017,,,,9.19
10/6/2017,,,,9.65
10/9/2017,,,,10.33
10/10/2017,,,,10.08
10/11/2017,,,,9.85
10/12/2017,,,,9.91
10/13/2017,,,,9.61
10/16/2017,,,,9.91
10/17/2017,,,,10.31
10/18/2017,,,,10.07
10/19/2017,,,,10.05
10/20/2017,,,,9.97
10/23/2017,,,,11.07
10/24/2017,,,,11.16
10/25/2017,,,,11.23
10/26/2017,,,,11.3
10/27/2017,,,,9.8
10/30/2017,,,,10.5
10/31/2017,,,,10.18
11/1/2017,,,,10.2
11/2/2017,,,,9.93
11/3/2017,,,,9.14
11/6/2017,,,,9.4
11/7/2017,,,,9.89
11/8/2017,,,,9.78
11/9/2017,,,,10.5
11/10/2017,,,,11.29
11/13/2017,,,,11.5
11/14/2017,,,,11.59
11/15/2017,,,,13.13
11/16/2017,,,,11.76
11/17/2017,,,,11.43
11/20/2017,,,,10.65
11/21/2017,,,,9.73
11/22/2017,,,,9.88
11/24/2017,,,,9.67
11/27/2017,,,,9.87
11/28/2017,,,,10.03
11/29/2017,,,,10.7
11/30/2017,,,,11.28
12/1/2017,,,,11.43
12/4/2017,,,,11.68
12/5/2017,,,,11.33
12/6/2017,,,,11.02
12/7/2017,,,,10.16
12/8/2017,,,,9.58
12/11/2017,,,,9.34
12/12/2017,,,,9.92
12/13/2017,,,,10.18
12/14/2017,,,,10.49
12/15/2017,,,,9.42
12/18/2017,,,,9.53
12/19/2017,,,,10.03
12/20/2017,,,,9.72
12/21/2017,,,,9.62
12/22/2017,,,,9.9
12/26/2017,,,,10.25
12/27/2017,,,,10.47
12/28/2017,,,,10.18
12/29/2017,,,,11.04
1/2/2018,,,,9.77
1/3/2018,,,,9.15
1/4/2018,,,,9.22
1/5/2018,,,,9.22
1/8/2018,,,,9.52
1/9/2018,,,,10.08
1/10/2018,,,,9.82
1/11/2018,,,,9.88
1/12/2018,,,,10.16
1/16/2018,,,,11.66
1/17/2018,,,,11.91
1/18/2018,,,,12.22
1/19/2018,,,,11.27
1/22/2018,,,,11.03
1/23/2018,,,,11.1
1/24/2018,,,,11.47
1/25/2018,,,,11.58
1/26/2018,,,,11.08
1/29/2018,,,,13.84
1/30/2018,,,,14.79
1/31/2018,,,,13.54
2/1/2018,,,,13.47
2/2/2018,,,,17.31
2/5/2018,,,,37.32
2/6/2018,,,,29.98
2/7/2018,,,,27.73
2/8/2018,,,,33.46
2/9/2018,,,,29.06
2/12/2018,,,,25.61
2/13/2018,,,,24.97
2/14/2018,,,,19.26
2/15/2018,,,,19.13
2/16/2018,,,,19.46
2/20/2018,,,,20.6
2/21/2018,,,,20.02
2/22/2018,,,,18.72
2/23/2018,,,,16.49
2/26/2018,,,,15.8
2/27/2018,,,,18.59
2/28/2018,,,,19.85
3/1/2018,,,,22.47
3/2/2018,,,,19.59
3/5/2018,,,,18.73
3/6/2018,,,,18.36
3/7/2018,,,,17.76
3/8/2018,,,,16.54
3/9/2018,,,,14.64
3/12/2018,,,,15.78
3/13/2018,,,,16.35
3/14/2018,,,,17.23
3/15/2018,,,,16.59
3/16/2018,,,,15.8
3/19/2018,,,,19.02
3/20/2018,,,,18.2
3/21/2018,,,,17.86
3/22/2018,,,,23.34
3/23/2018,,,,24.87
3/26/2018,,,,21.03
3/27/2018,,,,22.5
3/28/2018,,,,22.87
3/29/2018,,,,19.97
4/2/2018,,,,23.62
4/3/2018,,,,21.1
4/4/2018,,,,20.06
4/5/2018,,,,18.94
4/6/2018,,,,21.49
4/9/2018,,,,21.77
4/10/2018,,,,20.47
4/11/2018,,,,20.24
4/12/2018,,,,18.49
4/13/2018,,,,17.41
4/16/2018,,,,16.56
4/17/2018,,,,15.25
4/18/2018,,,,15.6
4/19/2018,,,,15.96
4/20/2018,,,,16.88
4/23/2018,,,,16.34
4/24/2018,,,,18.02
4/25/2018,,,,17.84
4/26/2018,,,,16.24
4/27/2018,,,,15.41
4/30/2018,,,,15.93
5/1/2018,,,,15.49
5/2/2018,,,,15.97
5/3/2018,,,,15.9
5/4/2018,,,,14.77
5/7/2018,,,,14.75
5/8/2018,,,,14.71
5/9/2018,,,,13.42
5/10/2018,,,,13.23
5/11/2018,,,,12.65
5/14/2018,,,,12.93
5/15/2018,,,,14.63
5/16/2018,,,,13.42
5/17/2018,,,,13.43
5/18/2018,,,,13.42
5/21/2018,,,,13.08
5/22/2018,,,,13.22
5/23/2018,,,,12.58
5/24/2018,,,,12.53
5/25/2018,,,,13.22
5/29/2018,,,,17.02
5/30/2018,,,,14.94
5/31/2018,,,,15.43
6/1/2018,,,,13.46
6/4/2018,,,,12.74
6/5/2018,,,,12.4
6/6/2018,,,,11.64
6/7/2018,,,,12.13
6/8/2018,,,,12.18
6/11/2018,,,,12.35
6/12/2018,,,,12.34
6/13/2018,,,,12.94
6/14/2018,,,,12.12
6/15/2018,,,,11.98
6/18/2018,,,,12.31
6/19/2018,,,,13.35
6/20/2018,,,,12.79
6/21/2018,,,,14.64
6/22/2018,,,,13.77
6/25/2018,,,,17.33
6/26/2018,,,,15.92
6/27/2018,,,,17.91
6/28/2018,,,,16.85
6/29/2018,,,,16.09
7/2/2018,,,,15.6
7/3/2018,,,,16.14
7/5/2018,,,,14.97
7/6/2018,,,,13.37
7/9/2018,,,,12.69
7/10/2018,,,,12.64
7/11/2018,,,,13.63
7/12/2018,,,,12.58
7/13/2018,,,,12.18
7/16/2018,,,,12.83
7/17/2018,,,,12.06
7/18/2018,,,,12.1
7/19/2018,,,,12.87
7/20/2018,,,,12.86
7/23/2018,,,,12.62
7/24/2018,,,,12.41
7/25/2018,,,,12.29
7/26/2018,,,,12.14
7/27/2018,,,,13.03
7/30/2018,,,,14.26
7/31/2018,,,,12.83
8/1/2018,,,,13.15
8/2/2018,,,,12.19
8/3/2018,,,,11.64
8/6/2018,,,,11.27
8/7/2018,,,,10.93
8/8/2018,,,,10.85
8/9/2018,,,,11.27
8/10/2018,,,,13.16
8/13/2018,,,,14.78
8/14/2018,,,,13.31
8/15/2018,,,,14.64
8/16/2018,,,,13.45
8/17/2018,,,,12.64
8/20/2018,,,,12.49
8/21/2018,,,,12.86
8/22/2018,,,,12.25
8/23/2018,,,,12.41
8/24/2018,,,,11.99
8/27/2018,,,,12.16
8/28/2018,,,,12.5
8/29/2018,,,,12.25
8/30/2018,,,,13.53
8/31/2018,,,,12.86
9/4/2018,,,,13.16
9/5/2018,,,,13.91
9/6/2018,,,,14.65
9/7/2018,,,,14.88
9/10/2018,,,,14.16
9/11/2018,,,,13.22
9/12/2018,,,,13.14
9/13/2018,,,,12.37
9/14/2018,,,,12.07
9/17/2018,,,,13.68
9/18/2018,,,,12.79
9/19/2018,,,,11.75
9/20/2018,,,,11.8
9/21/2018,,,,11.68
9/24/2018,,,,12.2
9/25/2018,,,,12.42
9/26/2018,,,,12.89
9/27/2018,,,,12.41
9/28/2018,,,,12.12
10/1/2018,,,,12
10/2/2018,,,,12.05
10/3/2018,,,,11.61
10/4/2018,,,,14.22
10/5/2018,,,,14.82
10/8/2018,,,,15.69
10/9/2018,,,,15.95
10/10/2018,,,,22.96
10/11/2018,,,,24.98
10/12/2018,,,,21.31
10/15/2018,,,,21.3
10/16/2018,,,,17.62
10/17/2018,,,,17.4
10/18/2018,,,,20.06
10/19/2018,,,,19.89
10/22/2018,,,,19.64
10/23/2018,,,,20.71
10/24/2018,,,,25.23
10/25/2018,,,,24.22
10/26/2018,,,,24.16
10/29/2018,,,,24.7
10/30/2018,,,,23.35
10/31/2018,,,,21.23
11/1/2018,,,,19.34
11/2/2018,,,,19.51
11/5/2018,,,,19.96
11/6/2018,,,,19.91
11/7/2018,,,,16.36
11/8/2018,,,,16.72
11/9/2018,,,,17.36
11/12/2018,,,,20.45
11/13/2018,,,,20.02
11/14/2018,,,,21.25
11/15/2018,,,,19.98
11/16/2018,,,,18.14
11/19/2018,,,,20.1
11/20/2018,,,,22.48
11/21/2018,,,,20.8
11/23/2018,,,,21.52
11/26/2018,,,,18.9
11/27/2018,,,,19.02
11/28/2018,,,,18.49
11/29/2018,,,,18.79
11/30/2018,,,,18.07
12/3/2018,,,,16.44
12/4/2018,,,,20.74
12/6/2018,,,,21.19
12/7/2018,,,,23.23
12/10/2018,,,,22.64
12/11/2018,,,,21.76
12/12/2018,,,,21.46
12/13/2018,,,,20.65
12/14/2018,,,,21.63
12/17/2018,,,,24.52
12/18/2018,,,,25.58
12/19/2018,,,,25.58
12/20/2018,,,,28.38
12/21/2018,,,,30.11
12/24/2018,,,,36.07
12/26/2018,,,,30.41
12/27/2018,,,,29.96
12/28/2018,,,,28.34
12/31/2018,,,,25.42
1/2/2019,,,,23.22
1/3/2019,,,,25.45
1/4/2019,,,,21.38
1/7/2019,,,,21.4
1/8/2019,,,,20.47
1/9/2019,,,,19.98
1/10/2019,,,,19.5
1/11/2019,,,,18.19
1/14/2019,,,,19.07
1/15/2019,,,,18.6
1/16/2019,,,,19.04
1/17/2019,,,,18.06
1/18/2019,,,,17.8
1/22/2019,,,,20.8
1/23/2019,,,,19.52
1/24/2019,,,,18.89
1/25/2019,,,,17.42
1/28/2019,,,,18.87
1/29/2019,,,,19.13
1/30/2019,,,,17.66
1/31/2019,,,,16.57
2/1/2019,,,,16.14
2/4/2019,,,,15.73
2/5/2019,,,,15.57
2/6/2019,,,,15.38
2/7/2019,,,,16.37
2/8/2019,,,,15.72
2/11/2019,,,,15.97
2/12/2019,,,,15.43
2/13/2019,,,,15.65
2/14/2019,,,,16.22
2/15/2019,,,,14.91
2/19/2019,,,,14.88
2/20/2019,,,,14.02
2/21/2019,,,,14.46
2/22/2019,,,,13.51
2/25/2019,,,,14.85
2/26/2019,,,,15.17
2/27/2019,,,,14.7
2/28/2019,,,,14.7
3/1/2019,,,,13.57
3/4/2019,,,,14.63
3/5/2019,,,,14.74
3/6/2019,,,,15.74
3/7/2019,,,,16.59
3/8/2019,,,,16.05
3/11/2019,,,,14.33
3/12/2019,,,,13.77
3/13/2019,,,,13.41
3/14/2019,,,,13.5
3/15/2019,,,,12.88
3/18/2019,,,,13.1
3/19/2019,,,,13.56
3/20/2019,,,,13.91
3/21/2019,,,,13.63
3/22/2019,,,,16.48
3/25/2019,,,,16.33
3/26/2019,,,,14.68
3/27/2019,,,,15.15
3/28/2019,,,,14.43
3/29/2019,,,,13.71
4/1/2019,,,,13.4
4/2/2019,,,,13.36
4/3/2019,,,,13.74
4/4/2019,,,,13.58
4/5/2019,,,,12.82
4/8/2019,,,,13.18
4/9/2019,,,,14.28
4/10/2019,,,,13.3
4/11/2019,,,,13.02
4/12/2019,,,,12.01
4/15/2019,,,,12.32
4/16/2019,,,,12.18
4/17/2019,,,,12.6
4/18/2019,,,,12.09
4/22/2019,,,,12.42
4/23/2019,,,,12.28
4/24/2019,,,,13.14
4/25/2019,,,,13.25
4/26/2019,,,,12.73
4/29/2019,,,,13.11
4/30/2019,,,,13.12
5/1/2019,,,,14.8
5/2/2019,,,,14.42
5/3/2019,,,,12.87
5/6/2019,,,,15.44
5/7/2019,,,,19.32
5/8/2019,,,,19.4
5/9/2019,,,,19.1
5/10/2019,,,,16.04
5/13/2019,,,,20.55
5/14/2019,,,,18.06
5/15/2019,,,,16.44
5/16/2019,,,,15.29
5/17/2019,,,,15.96
5/20/2019,,,,16.31
5/21/2019,,,,14.95
5/22/2019,,,,14.75
5/23/2019,,,,16.92
5/24/2019,,,,15.85
5/28/2019,,,,17.5
5/29/2019,,,,17.9
5/30/2019,,,,17.3
5/31/2019,,,,18.71
6/3/2019,,,,18.86
6/4/2019,,,,16.97
6/5/2019,,,,16.09
6/6/2019,,,,15.93
6/7/2019,,,,16.3
6/10/2019,,,,15.94
6/11/2019,,,,15.99
6/12/2019,,,,15.91
6/13/2019,,,,15.82
6/14/2019,,,,15.28
6/17/2019,,,,15.35
6/18/2019,,,,15.15
6/19/2019,,,,14.33
6/20/2019,,,,14.75
6/21/2019,,,,15.4
6/24/2019,,,,15.26
6/25/2019,,,,16.28
6/26/2019,,,,16.21
6/27/2019,,,,15.82
6/28/2019,,,,15.08
7/1/2019,,,,14.06
7/2/2019,,,,12.93
7/3/2019,,,,12.57
7/5/2019,,,,13.28
7/8/2019,,,,13.96
7/9/2019,,,,14.09
7/10/2019,,,,13.03
7/11/2019,,,,12.93
7/12/2019,,,,12.39
7/15/2019,,,,12.68
7/16/2019,,,,12.86
7/17/2019,,,,13.97
7/18/2019,,,,13.53
7/19/2019,,,,14.45
7/22/2019,,,,13.53
7/23/2019,,,,12.61
7/24/2019,,,,12.07
7/25/2019,,,,12.74
7/26/2019,,,,12.16
7/29/2019,,,,12.83
7/30/2019,,,,13.94
7/31/2019,,,,16.12
8/1/2019,,,,17.87
8/2/2019,,,,17.61
8/5/2019,,,,24.59
8/6/2019,,,,20.17
8/7/2019,,,,19.49
8/8/2019,,,,16.91
8/9/2019,,,,17.97
8/12/2019,,,,21.09
8/13/2019,,,,17.52
8/14/2019,,,,22.1
8/15/2019,,,,21.18
8/16/2019,,,,18.47
8/19/2019,,,,16.88
8/20/2019,,,,17.5
8/21/2019,,,,15.8
8/22/2019,,,,16.68
8/23/2019,,,,19.87
8/26/2019,,,,19.32
8/27/2019,,,,20.31
8/28/2019,,,,19.35
8/29/2019,,,,17.88
8/30/2019,,,,18.98
9/3/2019,,,,19.66
9/4/2019,,,,17.33
9/5/2019,,,,16.27
9/6/2019,,,,15
9/9/2019,,,,15.27
9/10/2019,,,,15.2
9/11/2019,,,,14.61
9/12/2019,,,,14.22
9/13/2019,,,,13.74
9/16/2019,,,,14.67
9/17/2019,,,,14.44
9/18/2019,,,,13.95
9/19/2019,,,,14.05
9/20/2019,,,,15.32
9/23/2019,,,,14.91
9/24/2019,,,,17.05
9/25/2019,,,,15.96
9/26/2019,,,,16.07
9/27/2019,,,,17.22
9/30/2019,,,,16.24
10/1/2019,,,,18.56
10/2/2019,,,,20.56
10/3/2019,,,,19.12
10/4/2019,,,,17.04
10/7/2019,,,,17.86
10/8/2019,,,,20.28
10/9/2019,,,,18.64
10/10/2019,,,,17.57
10/11/2019,,,,15.58
10/14/2019,,,,14.57
10/15/2019,,,,13.54
10/16/2019,,,,13.68
10/17/2019,,,,13.79
10/18/2019,,,,14.25
10/21/2019,,,,14
10/22/2019,,,,14.46
10/23/2019,,,,14.01
10/24/2019,,,,13.71
10/25/2019,,,,12.65
10/28/2019,,,,13.11
10/29/2019,,,,13.2
10/30/2019,,,,12.33
10/31/2019,,,,13.22
11/1/2019,,,,12.3
11/4/2019,,,,12.83
11/5/2019,,,,13.1
11/6/2019,,,,12.62
11/7/2019,,,,12.73
11/8/2019,,,,12.07
11/11/2019,,,,12.69
11/12/2019,,,,12.68
11/13/2019,,,,13
11/14/2019,,,,13.05
11/15/2019,,,,12.05
11/18/2019,,,,12.46
11/19/2019,,,,12.86
11/20/2019,,,,12.78
11/21/2019,,,,13.13
11/22/2019,,,,12.34
11/25/2019,,,,11.87
11/26/2019,,,,11.54
11/27/2019,,,,11.75
11/29/2019,,,,12.62
12/2/2019,,,,14.91
12/3/2019,,,,15.96
12/4/2019,,,,14.8
12/5/2019,,,,14.52
12/6/2019,,,,13.62
12/9/2019,,,,15.86
12/10/2019,,,,15.68
12/11/2019,,,,14.99
12/12/2019,,,,13.94
12/13/2019,,,,12.63
12/16/2019,,,,12.14
12/17/2019,,,,12.29
12/18/2019,,,,12.58
12/19/2019,,,,12.5
12/20/2019,,,,12.51
12/23/2019,,,,12.61
12/24/2019,,,,12.67
12/26/2019,,,,12.65
12/27/2019,,,,13.43
12/30/2019,,,,14.82
12/31/2019,,,,13.78
1/2/2020,,,,12.47
1/3/2020,,,,14.02
1/6/2020,,,,13.85
1/7/2020,,,,13.79
1/8/2020,,,,13.45
1/9/2020,,,,12.54
1/10/2020,,,,12.56
1/13/2020,,,,12.32
1/14/2020,,,,12.39
1/15/2020,,,,12.42
1/16/2020,,,,12.32
1/17/2020,,,,12.1
1/21/2020,,,,12.85
1/22/2020,,,,12.91
1/23/2020,,,,12.98
1/24/2020,,,,14.56
1/27/2020,,,,18.23
1/28/2020,,,,16.28
1/29/2020,,,,16.39
1/30/2020,,,,15.49
1/31/2020,,,,18.84
2/3/2020,,,,17.97
2/4/2020,,,,16.05
2/5/2020,,,,15.15
2/6/2020,,,,14.96
2/7/2020,,,,15.47
2/10/2020,,,,15.04
2/11/2020,,,,15.18
2/12/2020,,,,13.74
2/13/2020,,,,14.15
2/14/2020,,,,13.68
2/18/2020,,,,14.83
2/19/2020,,,,14.38
2/20/2020,,,,15.56
2/21/2020,,,,17.08
2/24/2020,,,,25.03
2/25/2020,,,,27.85
2/26/2020,,,,27.56
2/27/2020,,,,39.16
2/28/2020,,,,40.11
3/2/2020,,,,33.42
3/3/2020,,,,36.82
3/4/2020,,,,31.99
3/5/2020,,,,39.62
3/6/2020,,,,41.94
3/9/2020,,,,54.46
3/10/2020,,,,47.3
3/11/2020,,,,53.9
3/12/2020,,,,75.47
3/13/2020,,,,57.83
3/16/2020,,,,82.69
3/17/2020,,,,75.91
3/18/2020,,,,76.45
3/19/2020,,,,72
3/20/2020,,,,66.04
3/23/2020,,,,61.59
3/24/2020,,,,61.67
3/25/2020,,,,63.95
3/26/2020,,,,61
3/27/2020,,,,65.54
3/30/2020,,,,57.08
3/31/2020,,,,53.54
4/1/2020,,,,57.06
4/2/2020,,,,50.91
4/3/2020,,,,46.8
4/6/2020,,,,45.24
4/7/2020,,,,46.7
4/8/2020,,,,43.35
4/9/2020,,,,41.67
4/13/2020,,,,41.17
4/14/2020,,,,37.76
4/15/2020,,,,40.84
4/16/2020,,,,40.11
4/17/2020,,,,38.15
4/20/2020,,,,43.83
4/21/2020,,,,45.41
4/22/2020,,,,41.98
4/23/2020,,,,41.38
4/24/2020,,,,35.93
4/27/2020,,,,33.29
4/28/2020,,,,33.57
4/29/2020,,,,31.23
4/30/2020,,,,34.15
5/1/2020,,,,37.19
5/4/2020,,,,35.97
5/5/2020,,,,33.61
5/6/2020,,,,34.12
5/7/2020,,,,31.44
5/8/2020,,,,27.98
5/11/2020,,,,27.57
5/12/2020,,,,33.04
5/13/2020,,,,35.28
5/14/2020,,,,32.61
5/15/2020,,,,31.89
5/18/2020,,,,29.3
5/19/2020,,,,30.53
5/20/2020,,,,27.99
5/21/2020,,,,29.53
5/22/2020,,,,28.16
5/26/2020,,,,28.01
5/27/2020,,,,27.62
5/28/2020,,,,28.59
5/29/2020,,,,27.51
6/1/2020,,,,28.23
6/2/2020,,,,26.84
6/3/2020,,,,25.66
6/4/2020,,,,25.81
6/5/2020,,,,24.52
6/8/2020,,,,25.81
6/9/2020,,,,27.57
6/10/2020,,,,27.57
6/11/2020,,,,40.79
6/12/2020,,,,36.09
6/15/2020,,,,34.4
6/16/2020,,,,33.67
6/17/2020,,,,33.47
6/18/2020,,,,32.94
6/19/2020,,,,35.12
6/22/2020,,,,31.77
6/23/2020,,,,31.37
6/24/2020,,,,33.84
6/25/2020,,,,32.22
6/26/2020,,,,34.73
6/29/2020,,,,31.78
6/30/2020,,,,30.43
7/1/2020,,,,28.62
7/2/2020,,,,27.68
7/6/2020,,,,27.94
7/7/2020,,,,29.43
7/8/2020,,,,28.08
7/9/2020,,,,29.26
7/10/2020,,,,27.29
7/13/2020,,,,32.19
7/14/2020,,,,29.52
7/15/2020,,,,27.76
7/16/2020,,,,28
7/17/2020,,,,25.68
7/20/2020,,,,24.46
7/21/2020,,,,24.84
7/22/2020,,,,24.32
7/23/2020,,,,26.08
7/24/2020,,,,25.84
7/27/2020,,,,24.74
7/28/2020,,,,25.44
7/29/2020,,,,24.1
7/30/2020,,,,24.76
7/31/2020,,,,24.46
8/3/2020,,,,24.28
8/4/2020,,,,23.76
8/5/2020,,,,22.99
8/6/2020,,,,22.65
8/7/2020,,,,22.21
8/10/2020,,,,22.13
8/11/2020,,,,24.03
8/12/2020,,,,22.28
8/13/2020,,,,22.13
8/14/2020,,,,22.05
8/17/2020,,,,21.35
8/18/2020,,,,21.51
8/19/2020,,,,22.54
8/20/2020,,,,22.72
8/21/2020,,,,22.54
8/24/2020,,,,22.37
8/25/2020,,,,22.03
8/26/2020,,,,23.27
8/27/2020,,,,24.47
8/28/2020,,,,22.96
8/31/2020,,,,26.41
9/1/2020,,,,26.12
9/2/2020,,,,26.57
9/3/2020,,,,33.6
9/4/2020,,,,30.75
9/8/2020,,,,31.46
9/9/2020,,,,28.81
9/10/2020,,,,29.71
9/11/2020,,,,26.87
9/14/2020,,,,25.85
9/15/2020,,,,25.59
9/16/2020,,,,26.04
9/17/2020,,,,26.46
9/18/2020,,,,25.83
9/21/2020,,,,27.78
9/22/2020,,,,26.86
9/23/2020,,,,28.58
9/24/2020,,,,28.51
9/25/2020,,,,26.38
9/28/2020,,,,26.19
9/29/2020,,,,26.27
9/30/2020,,,,26.37
10/1/2020,,,,26.7
10/2/2020,,,,27.63
10/5/2020,,,,27.96
10/6/2020,,,,29.48
10/7/2020,,,,28.06
10/8/2020,,,,26.36
10/9/2020,,,,25
10/12/2020,,,,25.07
10/13/2020,,,,26.07
10/14/2020,,,,26.4
10/15/2020,,,,26.97
10/16/2020,,,,27.41
10/19/2020,,,,29.18
10/20/2020,,,,29.35
10/21/2020,,,,28.65
10/22/2020,,,,28.11
10/23/2020,,,,27.55
10/26/2020,,,,32.46
10/27/2020,,,,33.35
10/28/2020,,,,40.28
10/29/2020,,,,37.59
10/30/2020,,,,38.02
11/2/2020,,,,37.13
11/3/2020,,,,35.55
11/4/2020,,,,29.57
11/5/2020,,,,27.58
11/6/2020,,,,24.86
11/9/2020,,,,25.75
11/10/2020,,,,24.8
11/11/2020,,,,23.45
11/12/2020,,,,25.35
11/13/2020,,,,23.1
11/16/2020,,,,22.45
11/17/2020,,,,22.71
11/18/2020,,,,23.84
11/19/2020,,,,23.11
11/20/2020,,,,23.7
11/23/2020,,,,22.66
11/24/2020,,,,21.64
11/25/2020,,,,21.25
11/27/2020,,,,20.84
11/30/2020,,,,20.57
12/1/2020,,,,20.77
12/2/2020,,,,21.17
12/3/2020,,,,21.28
12/4/2020,,,,20.79
12/7/2020,,,,21.3
12/8/2020,,,,20.68
12/9/2020,,,,22.27
12/10/2020,,,,22.52
12/11/2020,,,,23.31
12/14/2020,,,,24.72
12/15/2020,,,,22.89
12/16/2020,,,,22.5
12/17/2020,,,,21.93
12/18/2020,,,,21.57
12/21/2020,,,,25.16
12/22/2020,,,,24.23
12/23/2020,,,,23.31
12/24/2020,,,,21.53
12/28/2020,,,,21.7
12/29/2020,,,,23.08
12/30/2020,,,,22.77
12/31/2020,,,,22.75
1/4/2021,,,,26.97
1/5/2021,,,,25.34
1/6/2021,,,,25.07
1/7/2021,,,,22.37
1/8/2021,,,,21.56
1/11/2021,,,,24.08
1/12/2021,,,,23.33
1/13/2021,,,,22.21
1/14/2021,,,,23.25
1/15/2021,,,,24.34
1/19/2021,,,,23.24
1/20/2021,,,,21.58
1/21/2021,,,,21.32
1/22/2021,,,,21.91
1/25/2021,,,,23.19
1/26/2021,,,,23.02
1/27/2021,,,,37.21
1/28/2021,,,,30.21
1/29/2021,,,,33.09
2/1/2021,,,,30.24
2/2/2021,,,,25.56
2/3/2021,,,,22.91
2/4/2021,,,,21.77
2/5/2021,,,,20.87
2/8/2021,,,,21.24
2/9/2021,,,,21.63
2/10/2021,,,,21.99
2/11/2021,,,,21.25
2/12/2021,,,,19.97
2/16/2021,,,,21.46
2/17/2021,,,,21.5
2/18/2021,,,,22.49
2/19/2021,,,,22.05
2/22/2021,,,,23.45
2/23/2021,,,,23.11
2/24/2021,,,,21.34
2/25/2021,,,,28.89
2/26/2021,,,,27.95
3/1/2021,,,,23.35
3/2/2021,,,,24.1
3/3/2021,,,,26.67
3/4/2021,,,,28.57
3/5/2021,,,,24.66
3/8/2021,,,,25.47
3/9/2021,,,,24.03
3/10/2021,,,,22.56
3/11/2021,,,,21.91
3/12/2021,,,,20.69
3/15/2021,,,,20.03
3/16/2021,,,,19.79
3/17/2021,,,,19.23
3/18/2021,,,,21.58
3/19/2021,,,,20.95
3/22/2021,,,,18.88
3/23/2021,,,,20.3
3/24/2021,,,,21.2
3/25/2021,,,,19.81
3/26/2021,,,,18.86
3/29/2021,,,,20.74
3/30/2021,,,,19.61
3/31/2021,,,,19.4
4/1/2021,,,,17.33
4/5/2021,,,,17.91
4/6/2021,,,,18.12
4/7/2021,,,,17.16
4/8/2021,,,,16.95
4/9/2021,,,,16.69
4/12/2021,,,,16.91
4/13/2021,,,,16.65
4/14/2021,,,,16.99
4/15/2021,,,,16.57
4/16/2021,,,,16.25
4/19/2021,,,,17.29
4/20/2021,,,,18.68
4/21/2021,,,,17.5
4/22/2021,,,,18.71
4/23/2021,,,,17.33
4/26/2021,,,,17.64
4/27/2021,,,,17.56
4/28/2021,,,,17.28
4/29/2021,,,,17.61
4/30/2021,,,,18.61
5/3/2021,,,,18.31
5/4/2021,,,,19.48
5/5/2021,,,,19.15
5/6/2021,,,,18.39
5/7/2021,,,,16.69
5/10/2021,,,,19.66
5/11/2021,,,,21.84
5/12/2021,,,,27.59
5/13/2021,,,,23.13
5/14/2021,,,,18.81
5/17/2021,,,,19.72
5/18/2021,,,,21.34
5/19/2021,,,,22.18
5/20/2021,,,,20.67
5/21/2021,,,,20.15
5/24/2021,,,,18.4
5/25/2021,,,,18.84
5/26/2021,,,,17.36
5/27/2021,,,,16.74
5/28/2021,,,,16.76
6/1/2021,,,,17.9
6/2/2021,,,,17.48
6/3/2021,,,,18.04
6/4/2021,,,,16.42
6/7/2021,,,,16.42
6/8/2021,,,,17.07
6/9/2021,,,,17.89
6/10/2021,,,,16.1
6/11/2021,,,,15.65
6/14/2021,,,,16.39
6/15/2021,,,,17.02
6/16/2021,,,,18.15
6/17/2021,,,,17.75
6/18/2021,,,,20.7
6/21/2021,,,,17.89
6/22/2021,,,,16.66
6/23/2021,,,,16.32
6/24/2021,,,,15.97
6/25/2021,,,,15.62
6/28/2021,,,,15.76
6/29/2021,,,,16.02
6/30/2021,,,,15.83
7/1/2021,,,,15.48
7/2/2021,,,,15.07
7/6/2021,,,,16.44
7/7/2021,,,,16.2
7/8/2021,,,,19
7/9/2021,,,,16.18
7/12/2021,,,,16.17
7/13/2021,,,,17.12
7/14/2021,,,,16.33
7/15/2021,,,,17.01
7/16/2021,,,,18.45
7/19/2021,,,,22.5
7/20/2021,,,,19.73
7/21/2021,,,,17.91
7/22/2021,,,,17.69
7/23/2021,,,,17.2
7/26/2021,,,,17.58
7/27/2021,,,,19.36
7/28/2021,,,,18.31
7/29/2021,,,,17.7
7/30/2021,,,,18.24
8/2/2021,,,,19.46
8/3/2021,,,,18.04
8/4/2021,,,,17.97
8/5/2021,,,,17.28
8/6/2021,,,,16.15
8/9/2021,,,,16.72
8/10/2021,,,,16.79
8/11/2021,,,,16.06
8/12/2021,,,,15.59
8/13/2021,,,,15.45
8/16/2021,,,,16.12
8/17/2021,,,,17.91
8/18/2021,,,,21.57
8/19/2021,,,,21.67
8/20/2021,,,,18.56
8/23/2021,,,,17.15
8/24/2021,,,,17.22
8/25/2021,,,,16.79
8/26/2021,,,,18.84
8/27/2021,,,,16.39
8/30/2021,,,,16.19
8/31/2021,,,,16.48
9/1/2021,,,,16.11
9/2/2021,,,,16.41
9/3/2021,,,,16.41
9/7/2021,,,,18.14
9/8/2021,,,,17.96
9/9/2021,,,,18.8
9/10/2021,,,,20.95
9/13/2021,,,,19.37
9/14/2021,,,,19.46
9/15/2021,,,,18.18
9/16/2021,,,,18.69
9/17/2021,,,,20.81
9/20/2021,,,,25.71
9/21/2021,,,,24.36
9/22/2021,,,,20.87
9/23/2021,,,,18.63
9/24/2021,,,,17.75
9/27/2021,,,,18.76
9/28/2021,,,,23.25
9/29/2021,,,,22.56
9/30/2021,,,,23.14
10/1/2021,,,,21.15
10/4/2021,,,,22.96
10/5/2021,,,,21.3
10/6/2021,,,,21
10/7/2021,,,,19.54
10/8/2021,,,,18.77
10/11/2021,,,,20
10/12/2021,,,,19.85
10/13/2021,,,,18.64
10/14/2021,,,,16.86
10/15/2021,,,,16.3
10/18/2021,,,,16.31
10/19/2021,,,,15.7
10/20/2021,,,,15.49
10/21/2021,,,,15.01
10/22/2021,,,,15.43
10/25/2021,,,,15.24
10/26/2021,,,,15.98
10/27/2021,,,,16.98
10/28/2021,,,,16.53
10/29/2021,,,,16.26
11/1/2021,,,,16.41
11/2/2021,,,,16.03
11/3/2021,,,,15.1
11/4/2021,,,,15.44
11/5/2021,,,,16.48
11/8/2021,,,,17.22
11/9/2021,,,,17.78
11/10/2021,,,,18.73
11/11/2021,,,,17.66
11/12/2021,,,,16.29
11/15/2021,,,,16.49
11/16/2021,,,,16.37
11/17/2021,,,,17.11
11/18/2021,,,,17.59
11/19/2021,,,,17.91
11/22/2021,,,,19.17
11/23/2021,,,,19.38
11/24/2021,,,,18.58
11/26/2021,,,,28.62
11/29/2021,,,,22.96
11/30/2021,,,,27.19
12/1/2021,,,,31.12
12/2/2021,,,,27.95
12/3/2021,,,,30.67
12/6/2021,,,,27.18
12/7/2021,,,,21.89
12/8/2021,,,,19.9
12/9/2021,,,,21.58
12/10/2021,,,,18.69
12/13/2021,,,,20.31
12/14/2021,,,,21.89
12/15/2021,,,,19.29
12/16/2021,,,,20.57
12/17/2021,,,,21.57
12/20/2021,,,,22.87
12/21/2021,,,,21.01
12/22/2021,,,,18.63
12/23/2021,,,,17.96
12/27/2021,,,,17.68
12/28/2021,,,,17.54
12/29/2021,,,,16.95
12/30/2021,,,,17.33
12/31/2021,,,,17.22
1/3/2022,,,,16.6
1/4/2022,,,,16.91
1/5/2022,,,,19.73
